,Date,priceUSD
0,2010/07/17,0.0495
1,2010/07/18,0.0726
2,2010/07/19,0.0859
3,2010/07/20,0.0783
4,2010/07/21,0.0767
5,2010/07/22,0.0649
6,2010/07/23,0.0566
7,2010/07/24,0.0581
8,2010/07/25,0.053
9,2010/07/26,0.053
10,2010/07/27,0.058
11,2010/07/28,0.0595
12,2010/07/29,0.0648
13,2010/07/30,0.0663
14,2010/07/31,0.0664
15,2010/08/01,0.0611
16,2010/08/02,0.0613
17,2010/08/03,0.06
18,2010/08/04,0.0597
19,2010/08/05,0.0596
20,2010/08/06,0.0622
21,2010/08/07,0.0599
22,2010/08/08,0.06
23,2010/08/09,0.066
24,2010/08/10,0.069
25,2010/08/11,0.0635
26,2010/08/12,0.069
27,2010/08/13,0.0655
28,2010/08/14,0.0663
29,2010/08/15,0.0661
30,2010/08/16,0.0643
31,2010/08/17,0.0678
32,2010/08/18,0.069
33,2010/08/19,0.0673
34,2010/08/20,0.0661
35,2010/08/21,0.066
36,2010/08/22,0.0655
37,2010/08/23,0.0655
38,2010/08/24,0.065
39,2010/08/25,0.0656
40,2010/08/26,0.0644
41,2010/08/27,0.0645
42,2010/08/28,0.0646
43,2010/08/29,0.0644
44,2010/08/30,0.0648
45,2010/08/31,0.0621
46,2010/09/01,0.0625
47,2010/09/02,0.0622
48,2010/09/03,0.0609
49,2010/09/04,0.0618
50,2010/09/05,0.062
51,2010/09/06,0.0622
52,2010/09/07,0.0613
53,2010/09/08,0.0615
54,2010/09/09,0.0611
55,2010/09/10,0.0614
56,2010/09/11,0.0628
57,2010/09/12,0.0618
58,2010/09/13,0.0621
59,2010/09/14,0.062
60,2010/09/15,0.0615
61,2010/09/16,0.0619
62,2010/09/17,0.0599
63,2010/09/18,0.06
64,2010/09/19,0.0618
65,2010/09/20,0.0621
66,2010/09/21,0.0629
67,2010/09/22,0.0623
68,2010/09/23,0.0622
69,2010/09/24,0.0621
70,2010/09/25,0.0621
71,2010/09/26,0.062
72,2010/09/27,0.0621
73,2010/09/28,0.0619
74,2010/09/29,0.062
75,2010/09/30,0.0618
76,2010/10/01,0.0619
77,2010/10/02,0.0616
78,2010/10/03,0.0613
79,2010/10/04,0.0612
80,2010/10/05,0.0614
81,2010/10/06,0.0622
82,2010/10/07,0.0651
83,2010/10/08,0.0769
84,2010/10/09,0.0884
85,2010/10/10,0.0948
86,2010/10/11,0.093
87,2010/10/12,0.0945
88,2010/10/13,0.0985
89,2010/10/14,0.103
90,2010/10/15,0.103
91,2010/10/16,0.101
92,2010/10/17,0.102
93,2010/10/18,0.103
94,2010/10/19,0.0985
95,2010/10/20,0.0995
96,2010/10/21,0.102
97,2010/10/22,0.105
98,2010/10/23,0.107
99,2010/10/24,0.112
100,2010/10/25,0.111
101,2010/10/26,0.142
102,2010/10/27,0.169
103,2010/10/28,0.179
104,2010/10/29,0.185
105,2010/10/30,0.193
106,2010/10/31,0.193
107,2010/11/01,0.194
108,2010/11/02,0.193
109,2010/11/03,0.193
110,2010/11/04,0.214
111,2010/11/05,0.235
112,2010/11/06,0.326
113,2010/11/07,0.405
114,2010/11/08,0.294
115,2010/11/09,0.237
116,2010/11/10,0.225
117,2010/11/11,0.227
118,2010/11/12,0.249
119,2010/11/13,0.282
120,2010/11/14,0.278
121,2010/11/15,0.274
122,2010/11/16,0.246
123,2010/11/17,0.226
124,2010/11/18,0.245
125,2010/11/19,0.274
126,2010/11/20,0.282
127,2010/11/21,0.277
128,2010/11/22,0.28
129,2010/11/23,0.283
130,2010/11/24,0.283
131,2010/11/25,0.281
132,2010/11/26,0.282
133,2010/11/27,0.284
134,2010/11/28,0.277
135,2010/11/29,0.254
136,2010/11/30,0.219
137,2010/12/01,0.219
138,2010/12/02,0.242
139,2010/12/03,0.251
140,2010/12/04,0.23
141,2010/12/05,0.205
142,2010/12/06,0.215
143,2010/12/07,0.213
144,2010/12/08,0.239
145,2010/12/09,0.213
146,2010/12/10,0.202
147,2010/12/11,0.216
148,2010/12/12,0.214
149,2010/12/13,0.22
150,2010/12/14,0.238
151,2010/12/15,0.242
152,2010/12/16,0.244
153,2010/12/17,0.245
154,2010/12/18,0.245
155,2010/12/19,0.244
156,2010/12/20,0.254
157,2010/12/21,0.25
158,2010/12/22,0.247
159,2010/12/23,0.249
160,2010/12/24,0.249
161,2010/12/25,0.249
162,2010/12/26,0.257
163,2010/12/27,0.258
164,2010/12/28,0.272
165,2010/12/29,0.286
166,2010/12/30,0.296
167,2010/12/31,0.3
168,2011/01/01,0.296
169,2011/01/02,0.297
170,2011/01/03,0.293
171,2011/01/04,0.297
172,2011/01/05,0.294
173,2011/01/06,0.299
174,2011/01/07,0.309
175,2011/01/08,0.316
176,2011/01/09,0.323
177,2011/01/10,0.325
178,2011/01/11,0.327
179,2011/01/12,0.323
180,2011/01/13,0.318
181,2011/01/14,0.359
182,2011/01/15,0.393
183,2011/01/16,0.393
184,2011/01/17,0.368
185,2011/01/18,0.331
186,2011/01/19,0.313
187,2011/01/20,0.351
188,2011/01/21,0.405
189,2011/01/22,0.427
190,2011/01/23,0.443
191,2011/01/24,0.431
192,2011/01/25,0.415
193,2011/01/26,0.414
194,2011/01/27,0.415
195,2011/01/28,0.434
196,2011/01/29,0.442
197,2011/01/30,0.462
198,2011/01/31,0.5
199,2011/02/01,0.626
200,2011/02/02,0.713
201,2011/02/03,0.706
202,2011/02/04,0.766
203,2011/02/05,0.88
204,2011/02/06,0.91
205,2011/02/07,0.895
206,2011/02/08,0.904
207,2011/02/09,0.998
208,2011/02/10,1.03
209,2011/02/11,1.025
210,2011/02/12,1.045
211,2011/02/13,1.051
212,2011/02/14,1.055
213,2011/02/15,1.053
214,2011/02/16,1.048
215,2011/02/17,1.043
216,2011/02/18,0.965
217,2011/02/19,0.893
218,2011/02/20,0.899
219,2011/02/21,0.833
220,2011/02/22,0.86
221,2011/02/23,0.905
222,2011/02/24,0.968
223,2011/02/25,0.941
224,2011/02/26,0.935
225,2011/02/27,0.924
226,2011/02/28,0.875
227,2011/03/01,0.89
228,2011/03/02,0.93
229,2011/03/03,0.926
230,2011/03/04,0.906
231,2011/03/05,0.91
232,2011/03/06,0.905
233,2011/03/07,0.878
234,2011/03/08,0.878
235,2011/03/09,0.858
236,2011/03/10,0.899
237,2011/03/11,0.885
238,2011/03/12,0.899
239,2011/03/13,0.896
240,2011/03/14,0.894
241,2011/03/15,0.882
242,2011/03/16,0.863
243,2011/03/17,0.835
244,2011/03/18,0.833
245,2011/03/19,0.771
246,2011/03/20,0.753
247,2011/03/21,0.76
248,2011/03/22,0.784
249,2011/03/23,0.83
250,2011/03/24,0.849
251,2011/03/25,0.875
252,2011/03/26,0.869
253,2011/03/27,0.825
254,2011/03/28,0.809
255,2011/03/29,0.796
256,2011/03/30,0.791
257,2011/03/31,0.787
258,2011/04/01,0.775
259,2011/04/02,0.778
260,2011/04/03,0.78
261,2011/04/04,0.729
262,2011/04/05,0.7
263,2011/04/06,0.744
264,2011/04/07,0.751
265,2011/04/08,0.752
266,2011/04/09,0.74
267,2011/04/10,0.743
268,2011/04/11,0.753
269,2011/04/12,0.819
270,2011/04/13,0.891
271,2011/04/14,0.97
272,2011/04/15,0.995
273,2011/04/16,1.017
274,2011/04/17,1.08
275,2011/04/18,1.15
276,2011/04/19,1.18
277,2011/04/20,1.162
278,2011/04/21,1.176
279,2011/04/22,1.31
280,2011/04/23,1.546
281,2011/04/24,1.716
282,2011/04/25,1.595
283,2011/04/26,1.687
284,2011/04/27,1.841
285,2011/04/28,2.046
286,2011/04/29,2.546
287,2011/04/30,3.215
288,2011/05/01,3.267
289,2011/05/02,3.149
290,2011/05/03,3.305
291,2011/05/04,3.441
292,2011/05/05,3.367
293,2011/05/06,3.393
294,2011/05/07,3.546
295,2011/05/08,3.753
296,2011/05/09,3.835
297,2011/05/10,4.81
298,2011/05/11,5.65
299,2011/05/12,5.895
300,2011/05/13,7.259
301,2011/05/14,7.659
302,2011/05/15,6.995
303,2011/05/16,7.512
304,2011/05/17,7.62
305,2011/05/18,7.036
306,2011/05/19,6.756
307,2011/05/20,6.198
308,2011/05/21,5.96
309,2011/05/22,6.415
310,2011/05/23,6.92
311,2011/05/24,7.285
312,2011/05/25,7.945
313,2011/05/26,8.524
314,2011/05/27,8.6
315,2011/05/28,8.425
316,2011/05/29,8.35
317,2011/05/30,8.624
318,2011/05/31,8.771
319,2011/06/01,9.156
320,2011/06/02,10.1
321,2011/06/03,12.445
322,2011/06/04,16.501
323,2011/06/05,17.833
324,2011/06/06,17.625
325,2011/06/07,21.092
326,2011/06/08,26.8
327,2011/06/09,29.415
328,2011/06/10,26.434
329,2011/06/11,19.301
330,2011/06/12,16.648
331,2011/06/13,19.194
332,2011/06/14,19.54
333,2011/06/15,19.385
334,2011/06/16,18.25
335,2011/06/17,16.341
336,2011/06/18,16.445
337,2011/06/19,17.18
338,2011/06/20,17.0
339,2011/06/21,17.0
340,2011/06/22,17.0
341,2011/06/23,17.0
342,2011/06/24,17.0
343,2011/06/25,17.0
344,2011/06/26,16.98
345,2011/06/27,16.6
346,2011/06/28,16.85
347,2011/06/29,16.9
348,2011/06/30,16.473
349,2011/07/01,15.736
350,2011/07/02,15.385
351,2011/07/03,15.42
352,2011/07/04,14.65
353,2011/07/05,13.392
354,2011/07/06,13.853
355,2011/07/07,14.737
356,2011/07/08,14.545
357,2011/07/09,14.347
358,2011/07/10,14.638
359,2011/07/11,14.555
360,2011/07/12,14.109
361,2011/07/13,13.989
362,2011/07/14,13.985
363,2011/07/15,13.905
364,2011/07/16,13.765
365,2011/07/17,13.44
366,2011/07/18,13.32
367,2011/07/19,13.66
368,2011/07/20,13.787
369,2011/07/21,13.665
370,2011/07/22,13.653
371,2011/07/23,13.69
372,2011/07/24,13.835
373,2011/07/25,14.014
374,2011/07/26,13.956
375,2011/07/27,13.911
376,2011/07/28,13.691
377,2011/07/29,13.494
378,2011/07/30,13.516
379,2011/07/31,13.443
380,2011/08/01,13.222
381,2011/08/02,12.573
382,2011/08/03,10.655
383,2011/08/04,10.019
384,2011/08/05,10.255
385,2011/08/06,8.145
386,2011/08/07,7.218
387,2011/08/08,7.85
388,2011/08/09,8.895
389,2011/08/10,9.975
390,2011/08/11,9.775
391,2011/08/12,9.462
392,2011/08/13,9.801
393,2011/08/14,10.463
394,2011/08/15,10.971
395,2011/08/16,11.059
396,2011/08/17,10.934
397,2011/08/18,10.904
398,2011/08/19,11.24
399,2011/08/20,11.555
400,2011/08/21,11.382
401,2011/08/22,11.103
402,2011/08/23,10.925
403,2011/08/24,10.895
404,2011/08/25,10.254
405,2011/08/26,8.918
406,2011/08/27,8.385
407,2011/08/28,8.831
408,2011/08/29,9.02
409,2011/08/30,8.88
410,2011/08/31,8.495
411,2011/09/01,8.205
412,2011/09/02,8.444
413,2011/09/03,8.54
414,2011/09/04,8.321
415,2011/09/05,7.861
416,2011/09/06,7.237
417,2011/09/07,7.025
418,2011/09/08,6.864
419,2011/09/09,5.78
420,2011/09/10,4.897
421,2011/09/11,5.319
422,2011/09/12,6.009
423,2011/09/13,5.925
424,2011/09/14,5.72
425,2011/09/15,5.23
426,2011/09/16,4.83
427,2011/09/17,4.795
428,2011/09/18,4.98
429,2011/09/19,5.331
430,2011/09/20,5.787
431,2011/09/21,5.875
432,2011/09/22,5.536
433,2011/09/23,5.487
434,2011/09/24,5.507
435,2011/09/25,5.375
436,2011/09/26,5.1
437,2011/09/27,4.893
438,2011/09/28,4.844
439,2011/09/29,4.78
440,2011/09/30,4.948
441,2011/10/01,5.1
442,2011/10/02,5.03
443,2011/10/03,5.026
444,2011/10/04,4.992
445,2011/10/05,4.915
446,2011/10/06,4.802
447,2011/10/07,4.51
448,2011/10/08,4.155
449,2011/10/09,4.055
450,2011/10/10,4.1
451,2011/10/11,3.996
452,2011/10/12,4.04
453,2011/10/13,4.103
454,2011/10/14,4.022
455,2011/10/15,3.915
456,2011/10/16,3.7
457,2011/10/17,3.059
458,2011/10/18,2.48
459,2011/10/19,2.345
460,2011/10/20,2.299
461,2011/10/21,2.46
462,2011/10/22,2.874
463,2011/10/23,3.123
464,2011/10/24,2.836
465,2011/10/25,2.647
466,2011/10/26,2.763
467,2011/10/27,2.907
468,2011/10/28,3.115
469,2011/10/29,3.376
470,2011/10/30,3.426
471,2011/10/31,3.262
472,2011/11/01,3.203
473,2011/11/02,3.202
474,2011/11/03,3.202
475,2011/11/04,3.139
476,2011/11/05,3.04
477,2011/11/06,2.965
478,2011/11/07,2.983
479,2011/11/08,3.021
480,2011/11/09,3.011
481,2011/11/10,2.909
482,2011/11/11,2.96
483,2011/11/12,3.049
484,2011/11/13,3.014
485,2011/11/14,2.608
486,2011/11/15,2.274
487,2011/11/16,2.445
488,2011/11/17,2.409
489,2011/11/18,2.158
490,2011/11/19,2.107
491,2011/11/20,2.2
492,2011/11/21,2.246
493,2011/11/22,2.308
494,2011/11/23,2.33
495,2011/11/24,2.379
496,2011/11/25,2.472
497,2011/11/26,2.468
498,2011/11/27,2.475
499,2011/11/28,2.515
500,2011/11/29,2.65
501,2011/11/30,2.859
502,2011/12/01,3.028
503,2011/12/02,3.086
504,2011/12/03,2.957
505,2011/12/04,2.811
506,2011/12/05,2.854
507,2011/12/06,2.955
508,2011/12/07,3.009
509,2011/12/08,2.985
510,2011/12/09,2.975
511,2011/12/10,3.01
512,2011/12/11,3.156
513,2011/12/12,3.193
514,2011/12/13,3.212
515,2011/12/14,3.189
516,2011/12/15,3.17
517,2011/12/16,3.198
518,2011/12/17,3.2
519,2011/12/18,3.187
520,2011/12/19,3.357
521,2011/12/20,3.735
522,2011/12/21,3.905
523,2011/12/22,3.883
524,2011/12/23,3.918
525,2011/12/24,3.943
526,2011/12/25,4.083
527,2011/12/26,4.122
528,2011/12/27,4.046
529,2011/12/28,4.128
530,2011/12/29,4.183
531,2011/12/30,4.207
532,2011/12/31,4.485
533,2012/01/01,4.984
534,2012/01/02,5.239
535,2012/01/03,5.048
536,2012/01/04,5.227
537,2012/01/05,6.261
538,2012/01/06,6.822
539,2012/01/07,6.753
540,2012/01/08,6.95
541,2012/01/09,6.705
542,2012/01/10,6.344
543,2012/01/11,6.675
544,2012/01/12,6.85
545,2012/01/13,6.595
546,2012/01/14,6.585
547,2012/01/15,6.876
548,2012/01/16,6.842
549,2012/01/17,6.134
550,2012/01/18,5.735
551,2012/01/19,6.14
552,2012/01/20,6.421
553,2012/01/21,6.339
554,2012/01/22,6.247
555,2012/01/23,6.333
556,2012/01/24,6.323
557,2012/01/25,6.02
558,2012/01/26,5.57
559,2012/01/27,5.316
560,2012/01/28,5.459
561,2012/01/29,5.503
562,2012/01/30,5.435
563,2012/01/31,5.487
564,2012/02/01,5.805
565,2012/02/02,6.081
566,2012/02/03,6.03
567,2012/02/04,5.917
568,2012/02/05,5.781
569,2012/02/06,5.556
570,2012/02/07,5.586
571,2012/02/08,5.645
572,2012/02/09,5.715
573,2012/02/10,5.871
574,2012/02/11,5.754
575,2012/02/12,5.572
576,2012/02/13,5.387
577,2012/02/14,4.861
578,2012/02/15,4.394
579,2012/02/16,4.29
580,2012/02/17,4.326
581,2012/02/18,4.302
582,2012/02/19,4.304
583,2012/02/20,4.361
584,2012/02/21,4.325
585,2012/02/22,4.349
586,2012/02/23,4.735
587,2012/02/24,5.022
588,2012/02/25,4.901
589,2012/02/26,4.848
590,2012/02/27,4.939
591,2012/02/28,4.909
592,2012/02/29,4.864
593,2012/03/01,4.891
594,2012/03/02,4.813
595,2012/03/03,4.671
596,2012/03/04,4.717
597,2012/03/05,4.902
598,2012/03/06,4.989
599,2012/03/07,4.964
600,2012/03/08,4.934
601,2012/03/09,4.896
602,2012/03/10,4.847
603,2012/03/11,4.872
604,2012/03/12,4.899
605,2012/03/13,5.08
606,2012/03/14,5.331
607,2012/03/15,5.36
608,2012/03/16,5.346
609,2012/03/17,5.28
610,2012/03/18,5.248
611,2012/03/19,4.975
612,2012/03/20,4.755
613,2012/03/21,4.826
614,2012/03/22,4.749
615,2012/03/23,4.711
616,2012/03/24,4.681
617,2012/03/25,4.613
618,2012/03/26,4.585
619,2012/03/27,4.718
620,2012/03/28,4.806
621,2012/03/29,4.785
622,2012/03/30,4.834
623,2012/03/31,4.878
624,2012/04/01,4.85
625,2012/04/02,4.878
626,2012/04/03,4.963
627,2012/04/04,4.93
628,2012/04/05,4.922
629,2012/04/06,4.934
630,2012/04/07,4.819
631,2012/04/08,4.74
632,2012/04/09,4.831
633,2012/04/10,4.854
634,2012/04/11,4.882
635,2012/04/12,4.924
636,2012/04/13,4.916
637,2012/04/14,4.95
638,2012/04/15,4.964
639,2012/04/16,4.951
640,2012/04/17,4.968
641,2012/04/18,5.047
642,2012/04/19,5.128
643,2012/04/20,5.244
644,2012/04/21,5.329
645,2012/04/22,5.232
646,2012/04/23,5.082
647,2012/04/24,5.029
648,2012/04/25,5.116
649,2012/04/26,5.115
650,2012/04/27,5.104
651,2012/04/28,5.04
652,2012/04/29,4.942
653,2012/04/30,4.931
654,2012/05/01,4.975
655,2012/05/02,5.037
656,2012/05/03,5.104
657,2012/05/04,5.088
658,2012/05/05,5.072
659,2012/05/06,5.064
660,2012/05/07,5.055
661,2012/05/08,5.069
662,2012/05/09,5.047
663,2012/05/10,4.955
664,2012/05/11,4.905
665,2012/05/12,4.948
666,2012/05/13,4.94
667,2012/05/14,4.978
668,2012/05/15,5.029
669,2012/05/16,5.063
670,2012/05/17,5.094
671,2012/05/18,5.109
672,2012/05/19,5.112
673,2012/05/20,5.104
674,2012/05/21,5.1
675,2012/05/22,5.099
676,2012/05/23,5.119
677,2012/05/24,5.129
678,2012/05/25,5.132
679,2012/05/26,5.109
680,2012/05/27,5.121
681,2012/05/28,5.133
682,2012/05/29,5.145
683,2012/05/30,5.142
684,2012/05/31,5.158
685,2012/06/01,5.237
686,2012/06/02,5.262
687,2012/06/03,5.227
688,2012/06/04,5.243
689,2012/06/05,5.353
690,2012/06/06,5.45
691,2012/06/07,5.529
692,2012/06/08,5.612
693,2012/06/09,5.596
694,2012/06/10,5.514
695,2012/06/11,5.522
696,2012/06/12,5.648
697,2012/06/13,5.829
698,2012/06/14,5.941
699,2012/06/15,6.227
700,2012/06/16,6.45
701,2012/06/17,6.306
702,2012/06/18,6.255
703,2012/06/19,6.404
704,2012/06/20,6.584
705,2012/06/21,6.675
706,2012/06/22,6.614
707,2012/06/23,6.488
708,2012/06/24,6.389
709,2012/06/25,6.327
710,2012/06/26,6.375
711,2012/06/27,6.553
712,2012/06/28,6.626
713,2012/06/29,6.628
714,2012/06/30,6.67
715,2012/07/01,6.659
716,2012/07/02,6.68
717,2012/07/03,6.605
718,2012/07/04,6.48
719,2012/07/05,6.59
720,2012/07/06,6.659
721,2012/07/07,6.731
722,2012/07/08,6.781
723,2012/07/09,6.907
724,2012/07/10,7.111
725,2012/07/11,7.175
726,2012/07/12,7.467
727,2012/07/13,7.676
728,2012/07/14,7.571
729,2012/07/15,7.582
730,2012/07/16,8.091
731,2012/07/17,8.65
732,2012/07/18,8.955
733,2012/07/19,8.99
734,2012/07/20,8.695
735,2012/07/21,8.702
736,2012/07/22,8.634
737,2012/07/23,8.439
738,2012/07/24,8.523
739,2012/07/25,8.675
740,2012/07/26,8.85
741,2012/07/27,8.9
742,2012/07/28,8.894
743,2012/07/29,8.799
744,2012/07/30,8.904
745,2012/07/31,9.214
746,2012/08/01,9.45
747,2012/08/02,10.042
748,2012/08/03,10.797
749,2012/08/04,10.982
750,2012/08/05,10.927
751,2012/08/06,10.863
752,2012/08/07,11.005
753,2012/08/08,11.078
754,2012/08/09,11.08
755,2012/08/10,11.293
756,2012/08/11,11.505
757,2012/08/12,11.567
758,2012/08/13,11.831
759,2012/08/14,12.114
760,2012/08/15,12.72
761,2012/08/16,13.375
762,2012/08/17,12.512
763,2012/08/18,11.71
764,2012/08/19,9.79
765,2012/08/20,9.05
766,2012/08/21,9.988
767,2012/08/22,9.861
768,2012/08/23,9.91
769,2012/08/24,10.35
770,2012/08/25,10.562
771,2012/08/26,10.605
772,2012/08/27,10.77
773,2012/08/28,10.95
774,2012/08/29,10.923
775,2012/08/30,10.782
776,2012/08/31,10.468
777,2012/09/01,10.058
778,2012/09/02,10.102
779,2012/09/03,10.37
780,2012/09/04,10.457
781,2012/09/05,10.692
782,2012/09/06,11.091
783,2012/09/07,11.098
784,2012/09/08,11.067
785,2012/09/09,11.035
786,2012/09/10,11.095
787,2012/09/11,11.241
788,2012/09/12,11.348
789,2012/09/13,11.314
790,2012/09/14,11.57
791,2012/09/15,11.75
792,2012/09/16,11.81
793,2012/09/17,11.88
794,2012/09/18,12.091
795,2012/09/19,12.402
796,2012/09/20,12.436
797,2012/09/21,12.384
798,2012/09/22,12.256
799,2012/09/23,12.216
800,2012/09/24,12.126
801,2012/09/25,12.149
802,2012/09/26,12.233
803,2012/09/27,12.339
804,2012/09/28,12.331
805,2012/09/29,12.407
806,2012/09/30,12.382
807,2012/10/01,12.375
808,2012/10/02,12.635
809,2012/10/03,12.865
810,2012/10/04,12.867
811,2012/10/05,12.75
812,2012/10/06,12.647
813,2012/10/07,12.153
814,2012/10/08,11.839
815,2012/10/09,11.817
816,2012/10/10,12.008
817,2012/10/11,12.08
818,2012/10/12,12.059
819,2012/10/13,11.931
820,2012/10/14,11.8
821,2012/10/15,11.707
822,2012/10/16,11.844
823,2012/10/17,11.817
824,2012/10/18,11.875
825,2012/10/19,11.838
826,2012/10/20,11.74
827,2012/10/21,11.685
828,2012/10/22,11.671
829,2012/10/23,11.697
830,2012/10/24,11.65
831,2012/10/25,11.256
832,2012/10/26,10.512
833,2012/10/27,10.216
834,2012/10/28,10.48
835,2012/10/29,10.65
836,2012/10/30,10.739
837,2012/10/31,11.041
838,2012/11/01,10.875
839,2012/11/02,10.519
840,2012/11/03,10.556
841,2012/11/04,10.725
842,2012/11/05,10.774
843,2012/11/06,10.814
844,2012/11/07,10.909
845,2012/11/08,10.922
846,2012/11/09,10.873
847,2012/11/10,10.852
848,2012/11/11,10.879
849,2012/11/12,10.924
850,2012/11/13,10.98
851,2012/11/14,10.975
852,2012/11/15,11.093
853,2012/11/16,11.475
854,2012/11/17,11.769
855,2012/11/18,11.72
856,2012/11/19,11.732
857,2012/11/20,11.713
858,2012/11/21,11.735
859,2012/11/22,12.086
860,2012/11/23,12.357
861,2012/11/24,12.399
862,2012/11/25,12.447
863,2012/11/26,12.364
864,2012/11/27,12.223
865,2012/11/28,12.274
866,2012/11/29,12.399
867,2012/11/30,12.552
868,2012/12/01,12.564
869,2012/12/02,12.536
870,2012/12/03,12.591
871,2012/12/04,13.03
872,2012/12/05,13.39
873,2012/12/06,13.3
874,2012/12/07,13.399
875,2012/12/08,13.46
876,2012/12/09,13.404
877,2012/12/10,13.411
878,2012/12/11,13.529
879,2012/12/12,13.684
880,2012/12/13,13.7
881,2012/12/14,13.653
882,2012/12/15,13.545
883,2012/12/16,13.395
884,2012/12/17,13.275
885,2012/12/18,13.275
886,2012/12/19,13.449
887,2012/12/20,13.578
888,2012/12/21,13.54
889,2012/12/22,13.436
890,2012/12/23,13.392
891,2012/12/24,13.376
892,2012/12/25,13.385
893,2012/12/26,13.409
894,2012/12/27,13.443
895,2012/12/28,13.431
896,2012/12/29,13.45
897,2012/12/30,13.431
898,2012/12/31,13.451
899,2013/01/01,13.407
900,2013/01/02,13.201
901,2013/01/03,13.212
902,2013/01/04,13.219
903,2013/01/05,13.173
904,2013/01/06,13.122
905,2013/01/07,13.162
906,2013/01/08,13.406
907,2013/01/09,13.602
908,2013/01/10,13.751
909,2013/01/11,13.988
910,2013/01/12,13.981
911,2013/01/13,13.922
912,2013/01/14,13.982
913,2013/01/15,13.967
914,2013/01/16,14.199
915,2013/01/17,14.856
916,2013/01/18,15.302
917,2013/01/19,15.299
918,2013/01/20,15.335
919,2013/01/21,15.823
920,2013/01/22,16.642
921,2013/01/23,17.023
922,2013/01/24,16.938
923,2013/01/25,16.824
924,2013/01/26,17.166
925,2013/01/27,17.284
926,2013/01/28,17.713
927,2013/01/29,18.539
928,2013/01/30,18.975
929,2013/01/31,19.718
930,2013/02/01,20.218
931,2013/02/02,20.025
932,2013/02/03,20.02
933,2013/02/04,20.116
934,2013/02/05,20.114
935,2013/02/06,20.475
936,2013/02/07,21.218
937,2013/02/08,21.993
938,2013/02/09,22.796
939,2013/02/10,23.261
940,2013/02/11,23.705
941,2013/02/12,24.107
942,2013/02/13,24.252
943,2013/02/14,25.164
944,2013/02/15,26.364
945,2013/02/16,26.544
946,2013/02/17,26.545
947,2013/02/18,26.525
948,2013/02/19,27.694
949,2013/02/20,28.941
950,2013/02/21,29.279
951,2013/02/22,29.255
952,2013/02/23,29.01
953,2013/02/24,28.771
954,2013/02/25,28.8
955,2013/02/26,29.141
956,2013/02/27,29.849
957,2013/02/28,31.366
958,2013/03/01,33.236
959,2013/03/02,33.118
960,2013/03/03,32.458
961,2013/03/04,33.353
962,2013/03/05,36.627
963,2013/03/06,38.99
964,2013/03/07,39.99
965,2013/03/08,41.29
966,2013/03/09,43.161
967,2013/03/10,44.418
968,2013/03/11,45.12
969,2013/03/12,44.108
970,2013/03/13,42.786
971,2013/03/14,43.303
972,2013/03/15,43.596
973,2013/03/16,44.159
974,2013/03/17,43.931
975,2013/03/18,46.26
976,2013/03/19,51.382
977,2013/03/20,57.752
978,2013/03/21,63.989
979,2013/03/22,65.74
980,2013/03/23,63.616
981,2013/03/24,64.77
982,2013/03/25,69.145
983,2013/03/26,71.704
984,2013/03/27,79.237
985,2013/03/28,85.752
986,2013/03/29,86.591
987,2013/03/30,87.454
988,2013/03/31,89.05
989,2013/04/01,94.715
990,2013/04/02,107.749
991,2013/04/03,120.003
992,2013/04/04,123.562
993,2013/04/05,128.664
994,2013/04/06,134.114
995,2013/04/07,142.08
996,2013/04/08,163.561
997,2013/04/09,195.397
998,2013/04/10,178.5
999,2013/04/11,115.0
1000,2013/04/12,92.446
1001,2013/04/13,98.435
1002,2013/04/14,91.849
1003,2013/04/15,87.108
1004,2013/04/16,75.043
1005,2013/04/17,77.734
1006,2013/04/18,94.679
1007,2013/04/19,106.7
1008,2013/04/20,114.48
1009,2013/04/21,114.295
1010,2013/04/22,113.535
1011,2013/04/23,120.78
1012,2013/04/24,134.8
1013,2013/04/25,139.74
1014,2013/04/26,132.945
1015,2013/04/27,126.316
1016,2013/04/28,124.045
1017,2013/04/29,130.56
1018,2013/04/30,134.465
1019,2013/05/01,124.662
1020,2013/05/02,111.049
1021,2013/05/03,102.694
1022,2013/05/04,105.04
1023,2013/05/05,113.464
1024,2013/05/06,113.005
1025,2013/05/07,110.375
1026,2013/05/08,109.595
1027,2013/05/09,108.42
1028,2013/05/10,110.54
1029,2013/05/11,112.503
1030,2013/05/12,111.738
1031,2013/05/13,112.241
1032,2013/05/14,108.635
1033,2013/05/15,104.575
1034,2013/05/16,107.0
1035,2013/05/17,110.492
1036,2013/05/18,112.815
1037,2013/05/19,112.905
1038,2013/05/20,113.2
1039,2013/05/21,115.28
1040,2013/05/22,116.686
1041,2013/05/23,118.696
1042,2013/05/24,124.605
1043,2013/05/25,127.725
1044,2013/05/26,128.75
1045,2013/05/27,128.355
1046,2013/05/28,125.725
1047,2013/05/29,126.43
1048,2013/05/30,127.245
1049,2013/05/31,126.424
1050,2013/06/01,126.909
1051,2013/06/02,124.135
1052,2013/06/03,120.333
1053,2013/06/04,119.685
1054,2013/06/05,120.096
1055,2013/06/06,119.388
1056,2013/06/07,115.014
1057,2013/06/08,110.585
1058,2013/06/09,105.935
1059,2013/06/10,104.06
1060,2013/06/11,106.555
1061,2013/06/12,108.05
1062,2013/06/13,106.945
1063,2013/06/14,102.855
1064,2013/06/15,100.25
1065,2013/06/16,100.355
1066,2013/06/17,100.846
1067,2013/06/18,103.663
1068,2013/06/19,105.104
1069,2013/06/20,105.826
1070,2013/06/21,106.072
1071,2013/06/22,103.671
1072,2013/06/23,101.679
1073,2013/06/24,98.478
1074,2013/06/25,97.247
1075,2013/06/26,98.0
1076,2013/06/27,96.6
1077,2013/06/28,92.242
1078,2013/06/29,89.283
1079,2013/06/30,89.829
1080,2013/07/01,85.608
1081,2013/07/02,83.204
1082,2013/07/03,81.424
1083,2013/07/04,78.461
1084,2013/07/05,73.017
1085,2013/07/06,66.0
1086,2013/07/07,69.751
1087,2013/07/08,73.549
1088,2013/07/09,72.494
1089,2013/07/10,75.989
1090,2013/07/11,81.5
1091,2013/07/12,84.999
1092,2013/07/13,88.095
1093,2013/07/14,88.156
1094,2013/07/15,89.295
1095,2013/07/16,89.925
1096,2013/07/17,88.775
1097,2013/07/18,86.483
1098,2013/07/19,83.838
1099,2013/07/20,83.858
1100,2013/07/21,83.889
1101,2013/07/22,84.1
1102,2013/07/23,85.24
1103,2013/07/24,86.425
1104,2013/07/25,87.875
1105,2013/07/26,89.193
1106,2013/07/27,88.506
1107,2013/07/28,88.353
1108,2013/07/29,91.241
1109,2013/07/30,93.05
1110,2013/07/31,96.0
1111,2013/08/01,95.875
1112,2013/08/02,95.495
1113,2013/08/03,95.372
1114,2013/08/04,94.551
1115,2013/08/05,95.46
1116,2013/08/06,96.892
1117,2013/08/07,97.39
1118,2013/08/08,95.932
1119,2013/08/09,94.179
1120,2013/08/10,93.381
1121,2013/08/11,93.038
1122,2013/08/12,93.989
1123,2013/08/13,94.938
1124,2013/08/14,96.293
1125,2013/08/15,96.952
1126,2013/08/16,96.543
1127,2013/08/17,96.796
1128,2013/08/18,96.925
1129,2013/08/19,97.996
1130,2013/08/20,101.101
1131,2013/08/21,105.11
1132,2013/08/22,107.292
1133,2013/08/23,106.115
1134,2013/08/24,105.799
1135,2013/08/25,107.66
1136,2013/08/26,108.695
1137,2013/08/27,111.875
1138,2013/08/28,115.28
1139,2013/08/29,115.785
1140,2013/08/30,118.347
1141,2013/08/31,122.066
1142,2013/09/01,124.651
1143,2013/09/02,125.588
1144,2013/09/03,124.863
1145,2013/09/04,120.747
1146,2013/09/05,117.345
1147,2013/09/06,115.05
1148,2013/09/07,115.023
1149,2013/09/08,116.613
1150,2013/09/09,117.844
1151,2013/09/10,119.961
1152,2013/09/11,121.733
1153,2013/09/12,123.67
1154,2013/09/13,124.07
1155,2013/09/14,123.947
1156,2013/09/15,123.693
1157,2013/09/16,123.8
1158,2013/09/17,124.251
1159,2013/09/18,125.036
1160,2013/09/19,122.527
1161,2013/09/20,121.008
1162,2013/09/21,121.108
1163,2013/09/22,121.534
1164,2013/09/23,121.286
1165,2013/09/24,121.31
1166,2013/09/25,122.14
1167,2013/09/26,122.652
1168,2013/09/27,122.374
1169,2013/09/28,123.201
1170,2013/09/29,123.325
1171,2013/09/30,123.05
1172,2013/10/01,123.374
1173,2013/10/02,112.777
1174,2013/10/03,108.504
1175,2013/10/04,117.032
1176,2013/10/05,119.311
1177,2013/10/06,119.368
1178,2013/10/07,120.405
1179,2013/10/08,121.615
1180,2013/10/09,122.893
1181,2013/10/10,123.503
1182,2013/10/11,123.832
1183,2013/10/12,124.149
1184,2013/10/13,126.822
1185,2013/10/14,130.117
1186,2013/10/15,134.739
1187,2013/10/16,136.214
1188,2013/10/17,138.704
1189,2013/10/18,143.723
1190,2013/10/19,153.886
1191,2013/10/20,157.329
1192,2013/10/21,164.81
1193,2013/10/22,180.316
1194,2013/10/23,191.426
1195,2013/10/24,185.605
1196,2013/10/25,169.469
1197,2013/10/26,172.97
1198,2013/10/27,178.428
1199,2013/10/28,188.042
1200,2013/10/29,193.134
1201,2013/10/30,195.57
1202,2013/10/31,195.73
1203,2013/11/01,197.87
1204,2013/11/02,199.6
1205,2013/11/03,202.56
1206,2013/11/04,213.806
1207,2013/11/05,231.403
1208,2013/11/06,248.284
1209,2013/11/07,274.025
1210,2013/11/08,298.115
1211,2013/11/09,334.983
1212,2013/11/10,291.892
1213,2013/11/11,314.01
1214,2013/11/12,336.63
1215,2013/11/13,369.033
1216,2013/11/14,400.994
1217,2013/11/15,411.755
1218,2013/11/16,418.345
1219,2013/11/17,453.251
1220,2013/11/18,550.5
1221,2013/11/19,601.887
1222,2013/11/20,494.668
1223,2013/11/21,599.545
1224,2013/11/22,675.116
1225,2013/11/23,738.639
1226,2013/11/24,702.545
1227,2013/11/25,723.096
1228,2013/11/26,796.644
1229,2013/11/27,891.298
1230,2013/11/28,934.539
1231,2013/11/29,981.667
1232,2013/11/30,1052.0
1233,2013/12/01,915.571
1234,2013/12/02,917.898
1235,2013/12/03,984.654
1236,2013/12/04,1037.0
1237,2013/12/05,991.025
1238,2013/12/06,916.265
1239,2013/12/07,720.715
1240,2013/12/08,733.548
1241,2013/12/09,856.334
1242,2013/12/10,916.819
1243,2013/12/11,887.697
1244,2013/12/12,853.621
1245,2013/12/13,870.134
1246,2013/12/14,854.784
1247,2013/12/15,834.51
1248,2013/12/16,774.416
1249,2013/12/17,673.001
1250,2013/12/18,554.522
1251,2013/12/19,615.988
1252,2013/12/20,663.529
1253,2013/12/21,614.291
1254,2013/12/22,634.818
1255,2013/12/23,650.085
1256,2013/12/24,670.728
1257,2013/12/25,670.394
1258,2013/12/26,730.449
1259,2013/12/27,753.055
1260,2013/12/28,738.125
1261,2013/12/29,729.759
1262,2013/12/30,760.719
1263,2013/12/31,756.614
1264,2014/01/01,771.144
1265,2014/01/02,779.773
1266,2014/01/03,793.629
1267,2014/01/04,834.69
1268,2014/01/05,877.685
1269,2014/01/06,961.717
1270,2014/01/07,914.81
1271,2014/01/08,848.331
1272,2014/01/09,849.84
1273,2014/01/10,846.22
1274,2014/01/11,899.476
1275,2014/01/12,893.878
1276,2014/01/13,837.415
1277,2014/01/14,844.33
1278,2014/01/15,857.806
1279,2014/01/16,854.108
1280,2014/01/17,822.71
1281,2014/01/18,836.905
1282,2014/01/19,842.293
1283,2014/01/20,886.057
1284,2014/01/21,863.039
1285,2014/01/22,852.448
1286,2014/01/23,837.897
1287,2014/01/24,808.157
1288,2014/01/25,829.446
1289,2014/01/26,861.16
1290,2014/01/27,859.05
1291,2014/01/28,798.213
1292,2014/01/29,825.551
1293,2014/01/30,812.648
1294,2014/01/31,824.542
1295,2014/02/01,838.57
1296,2014/02/02,835.689
1297,2014/02/03,816.934
1298,2014/02/04,817.692
1299,2014/02/05,830.298
1300,2014/02/06,800.337
1301,2014/02/07,727.901
1302,2014/02/08,696.661
1303,2014/02/09,676.229
1304,2014/02/10,659.682
1305,2014/02/11,661.433
1306,2014/02/12,634.091
1307,2014/02/13,574.95
1308,2014/02/14,547.519
1309,2014/02/15,587.908
1310,2014/02/16,633.999
1311,2014/02/17,630.288
1312,2014/02/18,628.232
1313,2014/02/19,622.409
1314,2014/02/20,597.613
1315,2014/02/21,565.081
1316,2014/02/22,578.305
1317,2014/02/23,618.523
1318,2014/02/24,570.345
1319,2014/02/25,499.8
1320,2014/02/26,572.999
1321,2014/02/27,580.375
1322,2014/02/28,567.657
1323,2014/03/01,560.083
1324,2014/03/02,561.09
1325,2014/03/03,604.807
1326,2014/03/04,677.606
1327,2014/03/05,662.002
1328,2014/03/06,661.353
1329,2014/03/07,642.185
1330,2014/03/08,619.677
1331,2014/03/09,627.479
1332,2014/03/10,630.301
1333,2014/03/11,625.927
1334,2014/03/12,636.984
1335,2014/03/13,638.79
1336,2014/03/14,632.924
1337,2014/03/15,631.464
1338,2014/03/16,631.648
1339,2014/03/17,625.026
1340,2014/03/18,613.511
1341,2014/03/19,613.783
1342,2014/03/20,596.009
1343,2014/03/21,582.231
1344,2014/03/22,563.348
1345,2014/03/23,564.372
1346,2014/03/24,563.641
1347,2014/03/25,577.854
1348,2014/03/26,579.582
1349,2014/03/27,543.197
1350,2014/03/28,502.664
1351,2014/03/29,499.324
1352,2014/03/30,469.428
1353,2014/03/31,457.005
1354,2014/04/01,476.297
1355,2014/04/02,466.322
1356,2014/04/03,434.951
1357,2014/04/04,444.394
1358,2014/04/05,451.812
1359,2014/04/06,459.325
1360,2014/04/07,454.031
1361,2014/04/08,451.41
1362,2014/04/09,447.11
1363,2014/04/10,407.703
1364,2014/04/11,403.328
1365,2014/04/12,425.31
1366,2014/04/13,415.876
1367,2014/04/14,445.898
1368,2014/04/15,487.666
1369,2014/04/16,517.354
1370,2014/04/17,505.461
1371,2014/04/18,485.296
1372,2014/04/19,490.961
1373,2014/04/20,501.271
1374,2014/04/21,498.97
1375,2014/04/22,491.704
1376,2014/04/23,486.543
1377,2014/04/24,487.399
1378,2014/04/25,464.777
1379,2014/04/26,456.496
1380,2014/04/27,450.932
1381,2014/04/28,435.888
1382,2014/04/29,443.354
1383,2014/04/30,444.261
1384,2014/05/01,453.541
1385,2014/05/02,448.574
1386,2014/05/03,439.48
1387,2014/05/04,434.535
1388,2014/05/05,431.727
1389,2014/05/06,427.341
1390,2014/05/07,435.189
1391,2014/05/08,440.75
1392,2014/05/09,443.871
1393,2014/05/10,449.566
1394,2014/05/11,442.545
1395,2014/05/12,438.129
1396,2014/05/13,437.341
1397,2014/05/14,441.538
1398,2014/05/15,445.787
1399,2014/05/16,444.766
1400,2014/05/17,446.281
1401,2014/05/18,445.298
1402,2014/05/19,445.022
1403,2014/05/20,465.278
1404,2014/05/21,492.31
1405,2014/05/22,509.156
1406,2014/05/23,529.149
1407,2014/05/24,519.347
1408,2014/05/25,559.931
1409,2014/05/26,580.277
1410,2014/05/27,573.388
1411,2014/05/28,571.987
1412,2014/05/29,566.816
1413,2014/05/30,593.201
1414,2014/05/31,619.564
1415,2014/06/01,644.487
1416,2014/06/02,635.862
1417,2014/06/03,664.422
1418,2014/06/04,641.523
1419,2014/06/05,651.272
1420,2014/06/06,654.137
1421,2014/06/07,650.778
1422,2014/06/08,652.884
1423,2014/06/09,648.195
1424,2014/06/10,650.767
1425,2014/06/11,642.504
1426,2014/06/12,621.319
1427,2014/06/13,595.946
1428,2014/06/14,575.029
1429,2014/06/15,565.303
1430,2014/06/16,596.048
1431,2014/06/17,596.985
1432,2014/06/18,607.673
1433,2014/06/19,603.129
1434,2014/06/20,590.957
1435,2014/06/21,589.485
1436,2014/06/22,598.9
1437,2014/06/23,589.476
1438,2014/06/24,585.681
1439,2014/06/25,568.912
1440,2014/06/26,569.836
1441,2014/06/27,583.871
1442,2014/06/28,596.82
1443,2014/06/29,594.664
1444,2014/06/30,620.059
1445,2014/07/01,649.274
1446,2014/07/02,645.747
1447,2014/07/03,643.645
1448,2014/07/04,636.579
1449,2014/07/05,629.756
1450,2014/07/06,632.787
1451,2014/07/07,626.639
1452,2014/07/08,621.123
1453,2014/07/09,621.434
1454,2014/07/10,616.557
1455,2014/07/11,622.121
1456,2014/07/12,632.056
1457,2014/07/13,629.664
1458,2014/07/14,621.8
1459,2014/07/15,621.061
1460,2014/07/16,617.3
1461,2014/07/17,617.851
1462,2014/07/18,622.126
1463,2014/07/19,626.392
1464,2014/07/20,622.21
1465,2014/07/21,618.92
1466,2014/07/22,620.249
1467,2014/07/23,618.566
1468,2014/07/24,607.944
1469,2014/07/25,600.002
1470,2014/07/26,594.585
1471,2014/07/27,596.029
1472,2014/07/28,585.359
1473,2014/07/29,584.376
1474,2014/07/30,574.994
1475,2014/07/31,574.929
1476,2014/08/01,591.067
1477,2014/08/02,590.42
1478,2014/08/03,583.32
1479,2014/08/04,585.95
1480,2014/08/05,582.376
1481,2014/08/06,581.009
1482,2014/08/07,583.85
1483,2014/08/08,590.585
1484,2014/08/09,586.527
1485,2014/08/10,588.101
1486,2014/08/11,583.969
1487,2014/08/12,568.256
1488,2014/08/13,551.058
1489,2014/08/14,518.99
1490,2014/08/15,506.064
1491,2014/08/16,501.845
1492,2014/08/17,504.405
1493,2014/08/18,476.384
1494,2014/08/19,476.972
1495,2014/08/20,491.137
1496,2014/08/21,521.423
1497,2014/08/22,513.078
1498,2014/08/23,503.706
1499,2014/08/24,504.419
1500,2014/08/25,502.862
1501,2014/08/26,507.703
1502,2014/08/27,514.911
1503,2014/08/28,509.791
1504,2014/08/29,506.639
1505,2014/08/30,502.665
1506,2014/08/31,488.836
1507,2014/09/01,479.421
1508,2014/09/02,477.176
1509,2014/09/03,475.398
1510,2014/09/04,481.297
1511,2014/09/05,484.581
1512,2014/09/06,481.482
1513,2014/09/07,481.745
1514,2014/09/08,470.073
1515,2014/09/09,466.454
1516,2014/09/10,482.398
1517,2014/09/11,475.58
1518,2014/09/12,472.322
1519,2014/09/13,475.441
1520,2014/09/14,476.655
1521,2014/09/15,474.915
1522,2014/09/16,467.613
1523,2014/09/17,456.38
1524,2014/09/18,438.518
1525,2014/09/19,405.935
1526,2014/09/20,410.022
1527,2014/09/21,401.12
1528,2014/09/22,400.275
1529,2014/09/23,407.475
1530,2014/09/24,428.517
1531,2014/09/25,411.195
1532,2014/09/26,404.503
1533,2014/09/27,401.439
1534,2014/09/28,390.912
1535,2014/09/29,377.415
1536,2014/09/30,379.119
1537,2014/10/01,384.118
1538,2014/10/02,377.698
1539,2014/10/03,367.304
1540,2014/10/04,345.878
1541,2014/10/05,315.801
1542,2014/10/06,322.456
1543,2014/10/07,328.313
1544,2014/10/08,339.094
1545,2014/10/09,364.531
1546,2014/10/10,362.28
1547,2014/10/11,359.388
1548,2014/10/12,362.544
1549,2014/10/13,378.689
1550,2014/10/14,402.084
1551,2014/10/15,393.788
1552,2014/10/16,386.265
1553,2014/10/17,379.451
1554,2014/10/18,384.702
1555,2014/10/19,388.404
1556,2014/10/20,382.291
1557,2014/10/21,383.996
1558,2014/10/22,382.802
1559,2014/10/23,367.289
1560,2014/10/24,355.716
1561,2014/10/25,349.089
1562,2014/10/26,351.284
1563,2014/10/27,352.794
1564,2014/10/28,352.906
1565,2014/10/29,344.899
1566,2014/10/30,337.866
1567,2014/10/31,341.339
1568,2014/11/01,329.102
1569,2014/11/02,324.34
1570,2014/11/03,327.819
1571,2014/11/04,325.84
1572,2014/11/05,336.991
1573,2014/11/06,342.284
1574,2014/11/07,344.945
1575,2014/11/08,343.176
1576,2014/11/09,349.881
1577,2014/11/10,365.791
1578,2014/11/11,366.689
1579,2014/11/12,394.94
1580,2014/11/13,428.535
1581,2014/11/14,397.306
1582,2014/11/15,386.82
1583,2014/11/16,384.374
1584,2014/11/17,397.121
1585,2014/11/18,381.052
1586,2014/11/19,378.646
1587,2014/11/20,365.837
1588,2014/11/21,351.592
1589,2014/11/22,356.53
1590,2014/11/23,358.505
1591,2014/11/24,374.924
1592,2014/11/25,383.251
1593,2014/11/26,371.775
1594,2014/11/27,370.752
1595,2014/11/28,369.434
1596,2014/11/29,378.702
1597,2014/11/30,377.846
1598,2014/12/01,379.647
1599,2014/12/02,381.317
1600,2014/12/03,378.7
1601,2014/12/04,374.17
1602,2014/12/05,372.933
1603,2014/12/06,374.938
1604,2014/12/07,375.025
1605,2014/12/08,368.947
1606,2014/12/09,352.726
1607,2014/12/10,349.289
1608,2014/12/11,351.872
1609,2014/12/12,350.835
1610,2014/12/13,347.5
1611,2014/12/14,348.199
1612,2014/12/15,347.166
1613,2014/12/16,335.169
1614,2014/12/17,323.149
1615,2014/12/18,312.662
1616,2014/12/19,312.341
1617,2014/12/20,324.713
1618,2014/12/21,323.943
1619,2014/12/22,328.083
1620,2014/12/23,332.744
1621,2014/12/24,329.188
1622,2014/12/25,319.032
1623,2014/12/26,323.135
1624,2014/12/27,318.737
1625,2014/12/28,315.441
1626,2014/12/29,314.822
1627,2014/12/30,311.944
1628,2014/12/31,312.724
1629,2015/01/01,315.626
1630,2015/01/02,314.346
1631,2015/01/03,303.591
1632,2015/01/04,274.82
1633,2015/01/05,272.076
1634,2015/01/06,276.104
1635,2015/01/07,287.178
1636,2015/01/08,287.542
1637,2015/01/09,283.794
1638,2015/01/10,280.21
1639,2015/01/11,273.146
1640,2015/01/12,269.036
1641,2015/01/13,239.441
1642,2015/01/14,197.577
1643,2015/01/15,205.937
1644,2015/01/16,211.756
1645,2015/01/17,200.604
1646,2015/01/18,205.929
1647,2015/01/19,211.824
1648,2015/01/20,210.64
1649,2015/01/21,214.636
1650,2015/01/22,232.311
1651,2015/01/23,229.752
1652,2015/01/24,237.146
1653,2015/01/25,248.51
1654,2015/01/26,281.323
1655,2015/01/27,261.244
1656,2015/01/28,252.788
1657,2015/01/29,232.4
1658,2015/01/30,232.471
1659,2015/01/31,227.909
1660,2015/02/01,218.482
1661,2015/02/02,226.795
1662,2015/02/03,236.83
1663,2015/02/04,225.308
1664,2015/02/05,222.448
1665,2015/02/06,219.936
1666,2015/02/07,225.863
1667,2015/02/08,224.9
1668,2015/02/09,220.946
1669,2015/02/10,218.176
1670,2015/02/11,220.585
1671,2015/02/12,219.338
1672,2015/02/13,231.691
1673,2015/02/14,246.158
1674,2015/02/15,250.235
1675,2015/02/16,234.532
1676,2015/02/17,238.71
1677,2015/02/18,239.529
1678,2015/02/19,237.832
1679,2015/02/20,242.991
1680,2015/02/21,244.115
1681,2015/02/22,241.202
1682,2015/02/23,236.119
1683,2015/02/24,238.067
1684,2015/02/25,237.006
1685,2015/02/26,235.973
1686,2015/02/27,250.348
1687,2015/02/28,252.709
1688,2015/03/01,251.478
1689,2015/03/02,262.486
1690,2015/03/03,275.364
1691,2015/03/04,278.934
1692,2015/03/05,270.497
1693,2015/03/06,272.846
1694,2015/03/07,273.282
1695,2015/03/08,275.227
1696,2015/03/09,281.962
1697,2015/03/10,293.828
1698,2015/03/11,293.97
1699,2015/03/12,294.297
1700,2015/03/13,291.01
1701,2015/03/14,283.365
1702,2015/03/15,283.896
1703,2015/03/16,290.818
1704,2015/03/17,288.825
1705,2015/03/18,273.617
1706,2015/03/19,257.124
1707,2015/03/20,260.716
1708,2015/03/21,259.368
1709,2015/03/22,261.797
1710,2015/03/23,267.213
1711,2015/03/24,256.186
1712,2015/03/25,244.675
1713,2015/03/26,248.965
1714,2015/03/27,247.396
1715,2015/03/28,251.271
1716,2015/03/29,245.128
1717,2015/03/30,245.129
1718,2015/03/31,245.298
1719,2015/04/01,243.148
1720,2015/04/02,248.23
1721,2015/04/03,253.57
1722,2015/04/04,252.689
1723,2015/04/05,255.001
1724,2015/04/06,257.67
1725,2015/04/07,253.059
1726,2015/04/08,248.466
1727,2015/04/09,243.593
1728,2015/04/10,237.873
1729,2015/04/11,235.894
1730,2015/04/12,235.993
1731,2015/04/13,232.263
1732,2015/04/14,220.026
1733,2015/04/15,220.804
1734,2015/04/16,226.535
1735,2015/04/17,224.203
1736,2015/04/18,222.465
1737,2015/04/19,224.044
1738,2015/04/20,223.809
1739,2015/04/21,225.98
1740,2015/04/22,235.296
1741,2015/04/23,234.356
1742,2015/04/24,231.602
1743,2015/04/25,228.42
1744,2015/04/26,218.799
1745,2015/04/27,221.019
1746,2015/04/28,225.576
1747,2015/04/29,225.106
1748,2015/04/30,231.562
1749,2015/05/01,235.075
1750,2015/05/02,234.385
1751,2015/05/03,239.501
1752,2015/05/04,240.104
1753,2015/05/05,235.564
1754,2015/05/06,234.619
1755,2015/05/07,232.198
1756,2015/05/08,240.039
1757,2015/05/09,242.641
1758,2015/05/10,241.37
1759,2015/05/11,241.467
1760,2015/05/12,241.493
1761,2015/05/13,242.205
1762,2015/05/14,236.365
1763,2015/05/15,237.222
1764,2015/05/16,236.928
1765,2015/05/17,236.816
1766,2015/05/18,236.105
1767,2015/05/19,232.979
1768,2015/05/20,233.256
1769,2015/05/21,235.065
1770,2015/05/22,237.015
1771,2015/05/23,240.003
1772,2015/05/24,239.853
1773,2015/05/25,238.622
1774,2015/05/26,237.372
1775,2015/05/27,237.443
1776,2015/05/28,237.222
1777,2015/05/29,236.889
1778,2015/05/30,234.263
1779,2015/05/31,232.298
1780,2015/06/01,227.302
1781,2015/06/02,224.221
1782,2015/06/03,226.123
1783,2015/06/04,225.462
1784,2015/06/05,224.648
1785,2015/06/06,225.153
1786,2015/06/07,224.866
1787,2015/06/08,226.036
1788,2015/06/09,229.474
1789,2015/06/10,229.253
1790,2015/06/11,229.8
1791,2015/06/12,230.569
1792,2015/06/13,230.832
1793,2015/06/14,233.557
1794,2015/06/15,235.626
1795,2015/06/16,241.816
1796,2015/06/17,250.867
1797,2015/06/18,248.304
1798,2015/06/19,247.452
1799,2015/06/20,243.001
1800,2015/06/21,243.39
1801,2015/06/22,245.632
1802,2015/06/23,245.012
1803,2015/06/24,243.214
1804,2015/06/25,242.511
1805,2015/06/26,242.731
1806,2015/06/27,246.389
1807,2015/06/28,249.74
1808,2015/06/29,252.903
1809,2015/06/30,262.642
1810,2015/07/01,260.055
1811,2015/07/02,257.569
1812,2015/07/03,256.101
1813,2015/07/04,257.741
1814,2015/07/05,264.51
1815,2015/07/06,271.941
1816,2015/07/07,267.655
1817,2015/07/08,268.562
1818,2015/07/09,269.981
1819,2015/07/10,281.268
1820,2015/07/11,291.386
1821,2015/07/12,304.274
1822,2015/07/13,293.763
1823,2015/07/14,290.261
1824,2015/07/15,290.258
1825,2015/07/16,282.262
1826,2015/07/17,277.177
1827,2015/07/18,277.466
1828,2015/07/19,274.834
1829,2015/07/20,276.116
1830,2015/07/21,278.551
1831,2015/07/22,276.546
1832,2015/07/23,277.064
1833,2015/07/24,282.729
1834,2015/07/25,288.564
1835,2015/07/26,290.788
1836,2015/07/27,291.318
1837,2015/07/28,294.087
1838,2015/07/29,290.804
1839,2015/07/30,287.751
1840,2015/07/31,284.668
1841,2015/08/01,280.98
1842,2015/08/02,280.317
1843,2015/08/03,282.591
1844,2015/08/04,283.586
1845,2015/08/05,282.593
1846,2015/08/06,279.109
1847,2015/08/07,278.091
1848,2015/08/08,272.542
1849,2015/08/09,263.326
1850,2015/08/10,264.516
1851,2015/08/11,265.458
1852,2015/08/12,267.668
1853,2015/08/13,264.053
1854,2015/08/14,264.837
1855,2015/08/15,264.722
1856,2015/08/16,258.969
1857,2015/08/17,257.854
1858,2015/08/18,253.79
1859,2015/08/19,231.748
1860,2015/08/20,232.887
1861,2015/08/21,233.452
1862,2015/08/22,229.848
1863,2015/08/23,229.287
1864,2015/08/24,219.892
1865,2015/08/25,213.673
1866,2015/08/26,225.249
1867,2015/08/27,225.623
1868,2015/08/28,227.685
1869,2015/08/29,230.117
1870,2015/08/30,229.659
1871,2015/08/31,228.792
1872,2015/09/01,228.197
1873,2015/09/02,228.016
1874,2015/09/03,227.614
1875,2015/09/04,229.058
1876,2015/09/05,231.934
1877,2015/09/06,239.717
1878,2015/09/07,240.53
1879,2015/09/08,243.394
1880,2015/09/09,240.462
1881,2015/09/10,238.539
1882,2015/09/11,239.916
1883,2015/09/12,238.114
1884,2015/09/13,232.617
1885,2015/09/14,230.218
1886,2015/09/15,230.152
1887,2015/09/16,228.705
1888,2015/09/17,230.686
1889,2015/09/18,233.043
1890,2015/09/19,231.588
1891,2015/09/20,230.94
1892,2015/09/21,228.015
1893,2015/09/22,228.689
1894,2015/09/23,230.404
1895,2015/09/24,232.239
1896,2015/09/25,235.295
1897,2015/09/26,234.051
1898,2015/09/27,233.409
1899,2015/09/28,237.125
1900,2015/09/29,237.937
1901,2015/09/30,236.866
1902,2015/10/01,236.899
1903,2015/10/02,237.726
1904,2015/10/03,238.381
1905,2015/10/04,238.794
1906,2015/10/05,238.724
1907,2015/10/06,243.136
1908,2015/10/07,245.262
1909,2015/10/08,243.701
1910,2015/10/09,243.629
1911,2015/10/10,244.579
1912,2015/10/11,245.811
1913,2015/10/12,246.638
1914,2015/10/13,247.404
1915,2015/10/14,251.284
1916,2015/10/15,254.488
1917,2015/10/16,259.868
1918,2015/10/17,269.135
1919,2015/10/18,266.726
1920,2015/10/19,263.775
1921,2015/10/20,267.214
1922,2015/10/21,268.111
1923,2015/10/22,271.908
1924,2015/10/23,276.61
1925,2015/10/24,279.731
1926,2015/10/25,289.505
1927,2015/10/26,284.408
1928,2015/10/27,292.005
1929,2015/10/28,301.252
1930,2015/10/29,309.563
1931,2015/10/30,324.762
1932,2015/10/31,321.941
1933,2015/11/01,316.359
1934,2015/11/02,335.738
1935,2015/11/03,384.145
1936,2015/11/04,449.287
1937,2015/11/05,401.566
1938,2015/11/06,372.194
1939,2015/11/07,383.625
1940,2015/11/08,382.2
1941,2015/11/09,374.932
1942,2015/11/10,365.764
1943,2015/11/11,315.768
1944,2015/11/12,327.694
1945,2015/11/13,333.683
1946,2015/11/14,333.448
1947,2015/11/15,328.106
1948,2015/11/16,322.131
1949,2015/11/17,334.502
1950,2015/11/18,333.66
1951,2015/11/19,330.832
1952,2015/11/20,319.889
1953,2015/11/21,324.813
1954,2015/11/22,324.123
1955,2015/11/23,322.867
1956,2015/11/24,320.608
1957,2015/11/25,322.364
1958,2015/11/26,342.484
1959,2015/11/27,355.977
1960,2015/11/28,354.843
1961,2015/11/29,360.479
1962,2015/11/30,376.271
1963,2015/12/01,367.19
1964,2015/12/02,355.655
1965,2015/12/03,361.925
1966,2015/12/04,359.977
1967,2015/12/05,374.789
1968,2015/12/06,393.696
1969,2015/12/07,393.935
1970,2015/12/08,395.33
1971,2015/12/09,417.576
1972,2015/12/10,415.562
1973,2015/12/11,432.058
1974,2015/12/12,432.019
1975,2015/12/13,435.76
1976,2015/12/14,441.485
1977,2015/12/15,456.742
1978,2015/12/16,456.521
1979,2015/12/17,455.108
1980,2015/12/18,459.385
1981,2015/12/19,462.587
1982,2015/12/20,453.641
1983,2015/12/21,437.468
1984,2015/12/22,439.047
1985,2015/12/23,440.857
1986,2015/12/24,454.111
1987,2015/12/25,454.511
1988,2015/12/26,428.423
1989,2015/12/27,417.265
1990,2015/12/28,424.113
1991,2015/12/29,425.095
1992,2015/12/30,428.988
1993,2015/12/31,425.418
1994,2016/01/01,432.258
1995,2016/01/02,433.24
1996,2016/01/03,429.271
1997,2016/01/04,431.819
1998,2016/01/05,432.241
1999,2016/01/06,429.829
2000,2016/01/07,447.946
2001,2016/01/08,454.849
2002,2016/01/09,449.909
2003,2016/01/10,444.408
2004,2016/01/11,447.174
2005,2016/01/12,445.538
2006,2016/01/13,428.513
2007,2016/01/14,430.349
2008,2016/01/15,403.973
2009,2016/01/16,371.323
2010,2016/01/17,384.435
2011,2016/01/18,383.0
2012,2016/01/19,383.472
2013,2016/01/20,392.939
2014,2016/01/21,414.174
2015,2016/01/22,393.566
2016,2016/01/23,388.784
2017,2016/01/24,396.316
2018,2016/01/25,396.252
2019,2016/01/26,393.133
2020,2016/01/27,394.257
2021,2016/01/28,383.843
2022,2016/01/29,375.988
2023,2016/01/30,378.256
2024,2016/01/31,377.724
2025,2016/02/01,373.237
2026,2016/02/02,374.287
2027,2016/02/03,372.194
2028,2016/02/04,378.35
2029,2016/02/05,387.86
2030,2016/02/06,377.282
2031,2016/02/07,377.566
2032,2016/02/08,376.95
2033,2016/02/09,374.584
2034,2016/02/10,379.689
2035,2016/02/11,380.995
2036,2016/02/12,382.955
2037,2016/02/13,389.825
2038,2016/02/14,400.002
2039,2016/02/15,404.62
2040,2016/02/16,404.798
2041,2016/02/17,414.783
2042,2016/02/18,420.743
2043,2016/02/19,420.701
2044,2016/02/20,430.082
2045,2016/02/21,438.567
2046,2016/02/22,437.065
2047,2016/02/23,427.514
2048,2016/02/24,421.19
2049,2016/02/25,423.3
2050,2016/02/26,424.262
2051,2016/02/27,432.256
2052,2016/02/28,429.127
2053,2016/02/29,436.765
2054,2016/03/01,434.676
2055,2016/03/02,431.575
2056,2016/03/03,421.323
2057,2016/03/04,419.557
2058,2016/03/05,403.989
2059,2016/03/06,404.42
2060,2016/03/07,409.784
2061,2016/03/08,412.669
2062,2016/03/09,411.941
2063,2016/03/10,413.802
2064,2016/03/11,419.577
2065,2016/03/12,413.346
2066,2016/03/13,412.764
2067,2016/03/14,414.027
2068,2016/03/15,415.778
2069,2016/03/16,415.443
2070,2016/03/17,418.234
2071,2016/03/18,413.077
2072,2016/03/19,407.531
2073,2016/03/20,410.271
2074,2016/03/21,409.752
2075,2016/03/22,415.288
2076,2016/03/23,416.991
2077,2016/03/24,415.821
2078,2016/03/25,415.36
2079,2016/03/26,416.249
2080,2016/03/27,419.438
2081,2016/03/28,423.456
2082,2016/03/29,417.945
2083,2016/03/30,412.853
2084,2016/03/31,414.983
2085,2016/04/01,415.156
2086,2016/04/02,418.138
2087,2016/04/03,417.978
2088,2016/04/04,418.564
2089,2016/04/05,420.973
2090,2016/04/06,421.292
2091,2016/04/07,420.006
2092,2016/04/08,420.314
2093,2016/04/09,416.933
2094,2016/04/10,418.889
2095,2016/04/11,420.07
2096,2016/04/12,423.767
2097,2016/04/13,423.615
2098,2016/04/14,423.23
2099,2016/04/15,426.47
2100,2016/04/16,429.738
2101,2016/04/17,427.826
2102,2016/04/18,427.315
2103,2016/04/19,428.717
2104,2016/04/20,436.562
2105,2016/04/21,443.215
2106,2016/04/22,445.474
2107,2016/04/23,445.852
2108,2016/04/24,452.604
2109,2016/04/25,457.376
2110,2016/04/26,463.109
2111,2016/04/27,458.712
2112,2016/04/28,444.29
2113,2016/04/29,449.257
2114,2016/04/30,451.828
2115,2016/05/01,449.954
2116,2016/05/02,446.236
2117,2016/05/03,446.352
2118,2016/05/04,446.988
2119,2016/05/05,446.657
2120,2016/05/06,451.464
2121,2016/05/07,457.988
2122,2016/05/08,457.595
2123,2016/05/09,458.102
2124,2016/05/10,454.748
2125,2016/05/11,452.584
2126,2016/05/12,451.025
2127,2016/05/13,454.247
2128,2016/05/14,455.025
2129,2016/05/15,455.975
2130,2016/05/16,455.809
2131,2016/05/17,453.459
2132,2016/05/18,453.949
2133,2016/05/19,449.494
2134,2016/05/20,441.529
2135,2016/05/21,442.068
2136,2016/05/22,441.268
2137,2016/05/23,441.669
2138,2016/05/24,445.089
2139,2016/05/25,448.097
2140,2016/05/26,450.845
2141,2016/05/27,472.112
2142,2016/05/28,496.908
2143,2016/05/29,522.366
2144,2016/05/30,533.135
2145,2016/05/31,535.416
2146,2016/06/01,532.201
2147,2016/06/02,534.594
2148,2016/06/03,551.979
2149,2016/06/04,571.159
2150,2016/06/05,573.875
2151,2016/06/06,580.536
2152,2016/06/07,579.599
2153,2016/06/08,574.524
2154,2016/06/09,574.28
2155,2016/06/10,573.047
2156,2016/06/11,579.549
2157,2016/06/12,638.456
2158,2016/06/13,686.885
2159,2016/06/14,685.852
2160,2016/06/15,682.671
2161,2016/06/16,734.99
2162,2016/06/17,744.823
2163,2016/06/18,748.164
2164,2016/06/19,753.295
2165,2016/06/20,747.682
2166,2016/06/21,681.946
2167,2016/06/22,649.939
2168,2016/06/23,588.926
2169,2016/06/24,652.469
2170,2016/06/25,669.287
2171,2016/06/26,640.632
2172,2016/06/27,637.878
2173,2016/06/28,647.563
2174,2016/06/29,633.786
2175,2016/06/30,651.127
2176,2016/07/01,674.251
2177,2016/07/02,683.826
2178,2016/07/03,673.449
2179,2016/07/04,668.624
2180,2016/07/05,669.77
2181,2016/07/06,670.711
2182,2016/07/07,640.923
2183,2016/07/08,644.648
2184,2016/07/09,649.595
2185,2016/07/10,645.327
2186,2016/07/11,646.33
2187,2016/07/12,653.631
2188,2016/07/13,659.574
2189,2016/07/14,655.688
2190,2016/07/15,658.89
2191,2016/07/16,660.703
2192,2016/07/17,667.464
2193,2016/07/18,675.134
2194,2016/07/19,668.951
2195,2016/07/20,667.413
2196,2016/07/21,662.495
2197,2016/07/22,659.521
2198,2016/07/23,653.666
2199,2016/07/24,656.306
2200,2016/07/25,656.119
2201,2016/07/26,651.943
2202,2016/07/27,652.979
2203,2016/07/28,654.826
2204,2016/07/29,655.218
2205,2016/07/30,655.252
2206,2016/07/31,636.085
2207,2016/08/01,620.444
2208,2016/08/02,595.245
2209,2016/08/03,552.184
2210,2016/08/04,572.822
2211,2016/08/05,573.026
2212,2016/08/06,575.443
2213,2016/08/07,589.396
2214,2016/08/08,589.032
2215,2016/08/09,586.113
2216,2016/08/10,589.594
2217,2016/08/11,592.19
2218,2016/08/12,586.987
2219,2016/08/13,586.74
2220,2016/08/14,576.272
2221,2016/08/15,569.003
2222,2016/08/16,571.996
2223,2016/08/17,574.509
2224,2016/08/18,573.871
2225,2016/08/19,574.592
2226,2016/08/20,577.708
2227,2016/08/21,580.948
2228,2016/08/22,582.629
2229,2016/08/23,584.169
2230,2016/08/24,580.74
2231,2016/08/25,575.66
2232,2016/08/26,578.283
2233,2016/08/27,574.184
2234,2016/08/28,572.17
2235,2016/08/29,574.891
2236,2016/08/30,576.744
2237,2016/08/31,574.462
2238,2016/09/01,573.069
2239,2016/09/02,573.174
2240,2016/09/03,579.773
2241,2016/09/04,604.208
2242,2016/09/05,605.63
2243,2016/09/06,606.793
2244,2016/09/07,610.021
2245,2016/09/08,621.285
2246,2016/09/09,622.603
2247,2016/09/10,623.902
2248,2016/09/11,620.306
2249,2016/09/12,607.225
2250,2016/09/13,609.126
2251,2016/09/14,610.447
2252,2016/09/15,609.706
2253,2016/09/16,608.348
2254,2016/09/17,607.443
2255,2016/09/18,607.971
2256,2016/09/19,609.926
2257,2016/09/20,608.701
2258,2016/09/21,597.916
2259,2016/09/22,597.849
2260,2016/09/23,599.46
2261,2016/09/24,603.368
2262,2016/09/25,602.605
2263,2016/09/26,604.645
2264,2016/09/27,605.886
2265,2016/09/28,604.801
2266,2016/09/29,604.65
2267,2016/09/30,604.894
2268,2016/10/01,611.559
2269,2016/10/02,610.758
2270,2016/10/03,610.721
2271,2016/10/04,609.337
2272,2016/10/05,610.478
2273,2016/10/06,611.072
2274,2016/10/07,613.763
2275,2016/10/08,617.237
2276,2016/10/09,616.581
2277,2016/10/10,616.296
2278,2016/10/11,631.621
2279,2016/10/12,637.312
2280,2016/10/13,635.764
2281,2016/10/14,636.521
2282,2016/10/15,639.211
2283,2016/10/16,639.793
2284,2016/10/17,638.715
2285,2016/10/18,637.034
2286,2016/10/19,632.653
2287,2016/10/20,628.962
2288,2016/10/21,631.236
2289,2016/10/22,641.524
2290,2016/10/23,653.664
2291,2016/10/24,650.557
2292,2016/10/25,654.64
2293,2016/10/26,665.07
2294,2016/10/27,682.275
2295,2016/10/28,685.356
2296,2016/10/29,705.335
2297,2016/10/30,704.786
2298,2016/10/31,698.831
2299,2016/11/01,720.121
2300,2016/11/02,724.827
2301,2016/11/03,724.099
2302,2016/11/04,698.792
2303,2016/11/05,702.682
2304,2016/11/06,708.671
2305,2016/11/07,703.872
2306,2016/11/08,705.761
2307,2016/11/09,724.306
2308,2016/11/10,714.235
2309,2016/11/11,714.44
2310,2016/11/12,708.542
2311,2016/11/13,696.136
2312,2016/11/14,701.676
2313,2016/11/15,709.94
2314,2016/11/16,721.652
2315,2016/11/17,742.568
2316,2016/11/18,742.522
2317,2016/11/19,747.646
2318,2016/11/20,740.325
2319,2016/11/21,734.423
2320,2016/11/22,741.868
2321,2016/11/23,742.446
2322,2016/11/24,738.491
2323,2016/11/25,734.983
2324,2016/11/26,734.786
2325,2016/11/27,732.631
2326,2016/11/28,732.658
2327,2016/11/29,732.374
2328,2016/11/30,737.759
2329,2016/12/01,747.59
2330,2016/12/02,767.657
2331,2016/12/03,764.483
2332,2016/12/04,764.011
2333,2016/12/05,754.931
2334,2016/12/06,755.702
2335,2016/12/07,760.565
2336,2016/12/08,766.652
2337,2016/12/09,768.494
2338,2016/12/10,771.991
2339,2016/12/11,767.304
2340,2016/12/12,774.371
2341,2016/12/13,777.648
2342,2016/12/14,776.714
2343,2016/12/15,776.708
2344,2016/12/16,779.035
2345,2016/12/17,786.632
2346,2016/12/18,787.662
2347,2016/12/19,789.416
2348,2016/12/20,789.909
2349,2016/12/21,811.021
2350,2016/12/22,852.382
2351,2016/12/23,894.707
2352,2016/12/24,897.765
2353,2016/12/25,871.821
2354,2016/12/26,896.85
2355,2016/12/27,911.027
2356,2016/12/28,950.293
2357,2016/12/29,965.624
2358,2016/12/30,950.955
2359,2016/12/31,952.778
2360,2017/01/01,970.988
2361,2017/01/02,1010.0
2362,2017/01/03,1017.0
2363,2017/01/04,1075.0
2364,2017/01/05,1045.0
2365,2017/01/06,927.984
2366,2017/01/07,865.388
2367,2017/01/08,908.784
2368,2017/01/09,890.728
2369,2017/01/10,899.089
2370,2017/01/11,843.358
2371,2017/01/12,781.292
2372,2017/01/13,805.197
2373,2017/01/14,825.581
2374,2017/01/15,816.142
2375,2017/01/16,825.861
2376,2017/01/17,873.162
2377,2017/01/18,882.986
2378,2017/01/19,890.236
2379,2017/01/20,892.331
2380,2017/01/21,914.851
2381,2017/01/22,920.879
2382,2017/01/23,918.084
2383,2017/01/24,906.179
2384,2017/01/25,894.156
2385,2017/01/26,903.996
2386,2017/01/27,914.645
2387,2017/01/28,916.865
2388,2017/01/29,915.551
2389,2017/01/30,915.703
2390,2017/01/31,937.573
2391,2017/02/01,969.061
2392,2017/02/02,989.036
2393,2017/02/03,1009.0
2394,2017/02/04,1014.0
2395,2017/02/05,1016.0
2396,2017/02/06,1017.0
2397,2017/02/07,1038.0
2398,2017/02/08,1049.0
2399,2017/02/09,1020.0
2400,2017/02/10,973.244
2401,2017/02/11,1003.0
2402,2017/02/12,999.914
2403,2017/02/13,994.654
2404,2017/02/14,1003.0
2405,2017/02/15,1006.0
2406,2017/02/16,1023.0
2407,2017/02/17,1043.0
2408,2017/02/18,1056.0
2409,2017/02/19,1049.0
2410,2017/02/20,1052.0
2411,2017/02/21,1095.0
2412,2017/02/22,1114.0
2413,2017/02/23,1140.0
2414,2017/02/24,1178.0
2415,2017/02/25,1163.0
2416,2017/02/26,1160.0
2417,2017/02/27,1181.0
2418,2017/02/28,1190.0
2419,2017/03/01,1203.0
2420,2017/03/02,1237.0
2421,2017/03/03,1270.0
2422,2017/03/04,1271.0
2423,2017/03/05,1261.0
2424,2017/03/06,1273.0
2425,2017/03/07,1252.0
2426,2017/03/08,1196.0
2427,2017/03/09,1175.0
2428,2017/03/10,1202.0
2429,2017/03/11,1168.0
2430,2017/03/12,1195.0
2431,2017/03/13,1229.0
2432,2017/03/14,1239.0
2433,2017/03/15,1248.0
2434,2017/03/16,1218.0
2435,2017/03/17,1131.0
2436,2017/03/18,1039.0
2437,2017/03/19,1014.0
2438,2017/03/20,1039.0
2439,2017/03/21,1089.0
2440,2017/03/22,1062.0
2441,2017/03/23,1043.0
2442,2017/03/24,997.754
2443,2017/03/25,934.795
2444,2017/03/26,973.897
2445,2017/03/27,1003.0
2446,2017/03/28,1045.0
2447,2017/03/29,1036.0
2448,2017/03/30,1037.0
2449,2017/03/31,1057.0
2450,2017/04/01,1083.0
2451,2017/04/02,1090.0
2452,2017/04/03,1132.0
2453,2017/04/04,1142.0
2454,2017/04/05,1128.0
2455,2017/04/06,1164.0
2456,2017/04/07,1189.0
2457,2017/04/08,1188.0
2458,2017/04/09,1194.0
2459,2017/04/10,1208.0
2460,2017/04/11,1213.0
2461,2017/04/12,1218.0
2462,2017/04/13,1191.0
2463,2017/04/14,1185.0
2464,2017/04/15,1188.0
2465,2017/04/16,1188.0
2466,2017/04/17,1190.0
2467,2017/04/18,1218.0
2468,2017/04/19,1217.0
2469,2017/04/20,1233.0
2470,2017/04/21,1256.0
2471,2017/04/22,1252.0
2472,2017/04/23,1252.0
2473,2017/04/24,1257.0
2474,2017/04/25,1269.0
2475,2017/04/26,1293.0
2476,2017/04/27,1318.0
2477,2017/04/28,1326.0
2478,2017/04/29,1335.0
2479,2017/04/30,1337.0
2480,2017/05/01,1390.0
2481,2017/05/02,1437.0
2482,2017/05/03,1462.0
2483,2017/05/04,1517.0
2484,2017/05/05,1534.0
2485,2017/05/06,1530.0
2486,2017/05/07,1541.0
2487,2017/05/08,1600.0
2488,2017/05/09,1700.0
2489,2017/05/10,1721.0
2490,2017/05/11,1800.0
2491,2017/05/12,1763.0
2492,2017/05/13,1700.0
2493,2017/05/14,1776.0
2494,2017/05/15,1722.0
2495,2017/05/16,1709.0
2496,2017/05/17,1790.0
2497,2017/05/18,1837.0
2498,2017/05/19,1923.0
2499,2017/05/20,1988.0
2500,2017/05/21,2045.0
2501,2017/05/22,2149.0
2502,2017/05/23,2208.0
2503,2017/05/24,2379.0
2504,2017/05/25,2568.0
2505,2017/05/26,2377.0
2506,2017/05/27,2061.0
2507,2017/05/28,2158.0
2508,2017/05/29,2208.0
2509,2017/05/30,2258.0
2510,2017/05/31,2236.0
2511,2017/06/01,2384.0
2512,2017/06/02,2413.0
2513,2017/06/03,2500.0
2514,2017/06/04,2512.0
2515,2017/06/05,2594.0
2516,2017/06/06,2822.0
2517,2017/06/07,2797.0
2518,2017/06/08,2741.0
2519,2017/06/09,2811.0
2520,2017/06/10,2845.0
2521,2017/06/11,2894.0
2522,2017/06/12,2799.0
2523,2017/06/13,2712.0
2524,2017/06/14,2654.0
2525,2017/06/15,2377.0
2526,2017/06/16,2456.0
2527,2017/06/17,2559.0
2528,2017/06/18,2566.0
2529,2017/06/19,2561.0
2530,2017/06/20,2657.0
2531,2017/06/21,2707.0
2532,2017/06/22,2677.0
2533,2017/06/23,2710.0
2534,2017/06/24,2654.0
2535,2017/06/25,2567.0
2536,2017/06/26,2472.0
2537,2017/06/27,2409.0
2538,2017/06/28,2524.0
2539,2017/06/29,2545.0
2540,2017/06/30,2513.0
2541,2017/07/01,2447.0
2542,2017/07/02,2431.0
2543,2017/07/03,2518.0
2544,2017/07/04,2588.0
2545,2017/07/05,2566.0
2546,2017/07/06,2589.0
2547,2017/07/07,2542.0
2548,2017/07/08,2513.0
2549,2017/07/09,2540.0
2550,2017/07/10,2455.0
2551,2017/07/11,2341.0
2552,2017/07/12,2341.0
2553,2017/07/13,2365.0
2554,2017/07/14,2276.0
2555,2017/07/15,2079.0
2556,2017/07/16,1941.0
2557,2017/07/17,2054.0
2558,2017/07/18,2268.0
2559,2017/07/19,2309.0
2560,2017/07/20,2471.0
2561,2017/07/21,2702.0
2562,2017/07/22,2766.0
2563,2017/07/23,2760.0
2564,2017/07/24,2745.0
2565,2017/07/25,2625.0
2566,2017/07/26,2503.0
2567,2017/07/27,2571.0
2568,2017/07/28,2742.0
2569,2017/07/29,2725.0
2570,2017/07/30,2693.0
2571,2017/07/31,2771.0
2572,2017/08/01,2785.0
2573,2017/08/02,2718.0
2574,2017/08/03,2747.0
2575,2017/08/04,2831.0
2576,2017/08/05,3152.0
2577,2017/08/06,3238.0
2578,2017/08/07,3306.0
2579,2017/08/08,3422.0
2580,2017/08/09,3353.0
2581,2017/08/10,3399.0
2582,2017/08/11,3514.0
2583,2017/08/12,3780.0
2584,2017/08/13,4041.0
2585,2017/08/14,4185.0
2586,2017/08/15,4189.0
2587,2017/08/16,4177.0
2588,2017/08/17,4354.0
2589,2017/08/18,4240.0
2590,2017/08/19,4090.0
2591,2017/08/20,4101.0
2592,2017/08/21,4043.0
2593,2017/08/22,3941.0
2594,2017/08/23,4156.0
2595,2017/08/24,4202.0
2596,2017/08/25,4367.0
2597,2017/08/26,4323.0
2598,2017/08/27,4349.0
2599,2017/08/28,4316.0
2600,2017/08/29,4473.0
2601,2017/08/30,4586.0
2602,2017/08/31,4677.0
2603,2017/09/01,4808.0
2604,2017/09/02,4694.0
2605,2017/09/03,4601.0
2606,2017/09/04,4402.0
2607,2017/09/05,4290.0
2608,2017/09/06,4564.0
2609,2017/09/07,4613.0
2610,2017/09/08,4509.0
2611,2017/09/09,4327.0
2612,2017/09/10,4224.0
2613,2017/09/11,4239.0
2614,2017/09/12,4271.0
2615,2017/09/13,3956.0
2616,2017/09/14,3648.0
2617,2017/09/15,3430.0
2618,2017/09/16,3733.0
2619,2017/09/17,3669.0
2620,2017/09/18,3962.0
2621,2017/09/19,3978.0
2622,2017/09/20,3958.0
2623,2017/09/21,3811.0
2624,2017/09/22,3645.0
2625,2017/09/23,3735.0
2626,2017/09/24,3713.0
2627,2017/09/25,3832.0
2628,2017/09/26,3928.0
2629,2017/09/27,4045.0
2630,2017/09/28,4200.0
2631,2017/09/29,4156.0
2632,2017/09/30,4290.0
2633,2017/10/01,4323.0
2634,2017/10/02,4421.0
2635,2017/10/03,4326.0
2636,2017/10/04,4263.0
2637,2017/10/05,4268.0
2638,2017/10/06,4372.0
2639,2017/10/07,4364.0
2640,2017/10/08,4508.0
2641,2017/10/09,4655.0
2642,2017/10/10,4825.0
2643,2017/10/11,4796.0
2644,2017/10/12,5076.0
2645,2017/10/13,5611.0
2646,2017/10/14,5677.0
2647,2017/10/15,5632.0
2648,2017/10/16,5680.0
2649,2017/10/17,5633.0
2650,2017/10/18,5398.0
2651,2017/10/19,5656.0
2652,2017/10/20,5788.0
2653,2017/10/21,6077.0
2654,2017/10/22,5919.0
2655,2017/10/23,5877.0
2656,2017/10/24,5662.0
2657,2017/10/25,5546.0
2658,2017/10/26,5824.0
2659,2017/10/27,5824.0
2660,2017/10/28,5755.0
2661,2017/10/29,5882.0
2662,2017/10/30,6122.0
2663,2017/10/31,6244.0
2664,2017/11/01,6507.0
2665,2017/11/02,6963.0
2666,2017/11/03,7240.0
2667,2017/11/04,7264.0
2668,2017/11/05,7472.0
2669,2017/11/06,7254.0
2670,2017/11/07,7113.0
2671,2017/11/08,7383.0
2672,2017/11/09,7250.0
2673,2017/11/10,6951.0
2674,2017/11/11,6549.0
2675,2017/11/12,6115.0
2676,2017/11/13,6345.0
2677,2017/11/14,6601.0
2678,2017/11/15,7074.0
2679,2017/11/16,7462.0
2680,2017/11/17,7840.0
2681,2017/11/18,7705.0
2682,2017/11/19,7832.0
2683,2017/11/20,8112.0
2684,2017/11/21,8178.0
2685,2017/11/22,8206.0
2686,2017/11/23,8184.0
2687,2017/11/24,8168.0
2688,2017/11/25,8464.0
2689,2017/11/26,9041.0
2690,2017/11/27,9607.0
2691,2017/11/28,9867.0
2692,2017/11/29,10480.0
2693,2017/11/30,9996.0
2694,2017/12/01,10236.0
2695,2017/12/02,10976.0
2696,2017/12/03,11320.0
2697,2017/12/04,11414.0
2698,2017/12/05,11716.0
2699,2017/12/06,12656.0
2700,2017/12/07,15282.0
2701,2017/12/08,16326.0
2702,2017/12/09,15335.0
2703,2017/12/10,14558.0
2704,2017/12/11,16561.0
2705,2017/12/12,16914.0
2706,2017/12/13,16746.0
2707,2017/12/14,16521.0
2708,2017/12/15,17543.0
2709,2017/12/16,18334.0
2710,2017/12/17,19401.0
2711,2017/12/18,18854.0
2712,2017/12/19,18319.0
2713,2017/12/20,16899.0
2714,2017/12/21,16311.0
2715,2017/12/22,14030.0
2716,2017/12/23,15086.0
2717,2017/12/24,13698.0
2718,2017/12/25,13825.0
2719,2017/12/26,15224.0
2720,2017/12/27,15712.0
2721,2017/12/28,14342.0
2722,2017/12/29,14598.0
2723,2017/12/30,13277.0
2724,2017/12/31,13402.0
2725,2018/01/01,13523.0
2726,2018/01/02,13924.0
2727,2018/01/03,15027.0
2728,2018/01/04,14883.0
2729,2018/01/05,15881.0
2730,2018/01/06,16784.0
2731,2018/01/07,16733.0
2732,2018/01/08,15476.0
2733,2018/01/09,15041.0
2734,2018/01/10,14328.0
2735,2018/01/11,13863.0
2736,2018/01/12,13850.0
2737,2018/01/13,14363.0
2738,2018/01/14,13821.0
2739,2018/01/15,13932.0
2740,2018/01/16,12255.0
2741,2018/01/17,10747.0
2742,2018/01/18,11561.0
2743,2018/01/19,11560.0
2744,2018/01/20,12544.0
2745,2018/01/21,11984.0
2746,2018/01/22,11217.0
2747,2018/01/23,10800.0
2748,2018/01/24,11094.0
2749,2018/01/25,11384.0
2750,2018/01/26,11085.0
2751,2018/01/27,11294.0
2752,2018/01/28,11710.0
2753,2018/01/29,11372.0
2754,2018/01/30,10781.0
2755,2018/01/31,10154.0
2756,2018/02/01,9755.0
2757,2018/02/02,8748.0
2758,2018/02/03,9091.0
2759,2018/02/04,8826.0
2760,2018/02/05,7704.0
2761,2018/02/06,6852.0
2762,2018/02/07,7933.0
2763,2018/02/08,8256.0
2764,2018/02/09,8300.0
2765,2018/02/10,8691.0
2766,2018/02/11,8234.0
2767,2018/02/12,8662.0
2768,2018/02/13,8657.0
2769,2018/02/14,9055.0
2770,2018/02/15,9838.0
2771,2018/02/16,10058.0
2772,2018/02/17,10713.0
2773,2018/02/18,10772.0
2774,2018/02/19,10902.0
2775,2018/02/20,11551.0
2776,2018/02/21,10851.0
2777,2018/02/22,10325.0
2778,2018/02/23,10046.0
2779,2018/02/24,9975.0
2780,2018/02/25,9649.0
2781,2018/02/26,9939.0
2782,2018/02/27,10575.0
2783,2018/02/28,10607.0
2784,2018/03/01,10666.0
2785,2018/03/02,11002.0
2786,2018/03/03,11365.0
2787,2018/03/04,11271.0
2788,2018/03/05,11537.0
2789,2018/03/06,11051.0
2790,2018/03/07,10428.0
2791,2018/03/08,9724.0
2792,2018/03/09,8927.0
2793,2018/03/10,9252.0
2794,2018/03/11,9065.0
2795,2018/03/12,9457.0
2796,2018/03/13,9170.0
2797,2018/03/14,8789.0
2798,2018/03/15,8124.0
2799,2018/03/16,8327.0
2800,2018/03/17,8099.0
2801,2018/03/18,7696.0
2802,2018/03/19,8360.0
2803,2018/03/20,8641.0
2804,2018/03/21,9002.0
2805,2018/03/22,8809.0
2806,2018/03/23,8549.0
2807,2018/03/24,8881.0
2808,2018/03/25,8559.0
2809,2018/03/26,8236.0
2810,2018/03/27,7983.0
2811,2018/03/28,7940.0
2812,2018/03/29,7548.0
2813,2018/03/30,6908.0
2814,2018/03/31,7025.0
2815,2018/04/01,6826.0
2816,2018/04/02,7004.0
2817,2018/04/03,7345.0
2818,2018/04/04,7107.0
2819,2018/04/05,6780.0
2820,2018/04/06,6673.0
2821,2018/04/07,6916.0
2822,2018/04/08,7020.0
2823,2018/04/09,6918.0
2824,2018/04/10,6805.0
2825,2018/04/11,6912.0
2826,2018/04/12,7355.0
2827,2018/04/13,8008.0
2828,2018/04/14,8025.0
2829,2018/04/15,8241.0
2830,2018/04/16,8104.0
2831,2018/04/17,8075.0
2832,2018/04/18,8085.0
2833,2018/04/19,8242.0
2834,2018/04/20,8464.0
2835,2018/04/21,8820.0
2836,2018/04/22,8913.0
2837,2018/04/23,8925.0
2838,2018/04/24,9325.0
2839,2018/04/25,9231.0
2840,2018/04/26,8894.0
2841,2018/04/27,9228.0
2842,2018/04/28,9249.0
2843,2018/04/29,9365.0
2844,2018/04/30,9304.0
2845,2018/05/01,9004.0
2846,2018/05/02,9128.0
2847,2018/05/03,9387.0
2848,2018/05/04,9670.0
2849,2018/05/05,9844.0
2850,2018/05/06,9658.0
2851,2018/05/07,9367.0
2852,2018/05/08,9282.0
2853,2018/05/09,9210.0
2854,2018/05/10,9288.0
2855,2018/05/11,8725.0
2856,2018/05/12,8438.0
2857,2018/05/13,8566.0
2858,2018/05/14,8595.0
2859,2018/05/15,8652.0
2860,2018/05/16,8291.0
2861,2018/05/17,8297.0
2862,2018/05/18,8115.0
2863,2018/05/19,8266.0
2864,2018/05/20,8378.0
2865,2018/05/21,8476.0
2866,2018/05/22,8261.0
2867,2018/05/23,7816.0
2868,2018/05/24,7551.0
2869,2018/05/25,7507.0
2870,2018/05/26,7517.0
2871,2018/05/27,7346.0
2872,2018/05/28,7274.0
2873,2018/05/29,7311.0
2874,2018/05/30,7454.0
2875,2018/05/31,7517.0
2876,2018/06/01,7501.0
2877,2018/06/02,7615.0
2878,2018/06/03,7706.0
2879,2018/06/04,7594.0
2880,2018/06/05,7513.0
2881,2018/06/06,7619.0
2882,2018/06/07,7708.0
2883,2018/06/08,7650.0
2884,2018/06/09,7653.0
2885,2018/06/10,7150.0
2886,2018/06/11,6767.0
2887,2018/06/12,6775.0
2888,2018/06/13,6459.0
2889,2018/06/14,6515.0
2890,2018/06/15,6567.0
2891,2018/06/16,6482.0
2892,2018/06/17,6534.0
2893,2018/06/18,6543.0
2894,2018/06/19,6737.0
2895,2018/06/20,6698.0
2896,2018/06/21,6755.0
2897,2018/06/22,6382.0
2898,2018/06/23,6146.0
2899,2018/06/24,6044.0
2900,2018/06/25,6225.0
2901,2018/06/26,6233.0
2902,2018/06/27,6128.0
2903,2018/06/28,6120.0
2904,2018/06/29,5935.0
2905,2018/06/30,6382.0
2906,2018/07/01,6388.0
2907,2018/07/02,6479.0
2908,2018/07/03,6614.0
2909,2018/07/04,6592.0
2910,2018/07/05,6602.0
2911,2018/07/06,6569.0
2912,2018/07/07,6611.0
2913,2018/07/08,6759.0
2914,2018/07/09,6739.0
2915,2018/07/10,6516.0
2916,2018/07/11,6400.0
2917,2018/07/12,6252.0
2918,2018/07/13,6256.0
2919,2018/07/14,6253.0
2920,2018/07/15,6342.0
2921,2018/07/16,6537.0
2922,2018/07/17,6889.0
2923,2018/07/18,7413.0
2924,2018/07/19,7399.0
2925,2018/07/20,7430.0
2926,2018/07/21,7353.0
2927,2018/07/22,7455.0
2928,2018/07/23,7681.0
2929,2018/07/24,8068.0
2930,2018/07/25,8254.0
2931,2018/07/26,8199.0
2932,2018/07/27,8021.0
2933,2018/07/28,8180.0
2934,2018/07/29,8206.0
2935,2018/07/30,8142.0
2936,2018/07/31,7929.0
2937,2018/08/01,7580.0
2938,2018/08/02,7598.0
2939,2018/08/03,7403.0
2940,2018/08/04,7260.0
2941,2018/08/05,7009.0
2942,2018/08/06,7006.0
2943,2018/08/07,7000.0
2944,2018/08/08,6454.0
2945,2018/08/09,6398.0
2946,2018/08/10,6414.0
2947,2018/08/11,6195.0
2948,2018/08/12,6316.0
2949,2018/08/13,6356.0
2950,2018/08/14,6064.0
2951,2018/08/15,6377.0
2952,2018/08/16,6351.0
2953,2018/08/17,6474.0
2954,2018/08/18,6459.0
2955,2018/08/19,6412.0
2956,2018/08/20,6462.0
2957,2018/08/21,6411.0
2958,2018/08/22,6592.0
2959,2018/08/23,6445.0
2960,2018/08/24,6566.0
2961,2018/08/25,6731.0
2962,2018/08/26,6691.0
2963,2018/08/27,6733.0
2964,2018/08/28,6997.0
2965,2018/08/29,7067.0
2966,2018/08/30,6947.0
2967,2018/08/31,6994.0
2968,2018/09/01,7114.0
2969,2018/09/02,7249.0
2970,2018/09/03,7269.0
2971,2018/09/04,7332.0
2972,2018/09/05,7145.0
2973,2018/09/06,6442.0
2974,2018/09/07,6463.0
2975,2018/09/08,6380.0
2976,2018/09/09,6308.0
2977,2018/09/10,6307.0
2978,2018/09/11,6312.0
2979,2018/09/12,6287.0
2980,2018/09/13,6450.0
2981,2018/09/14,6507.0
2982,2018/09/15,6523.0
2983,2018/09/16,6491.0
2984,2018/09/17,6408.0
2985,2018/09/18,6307.0
2986,2018/09/19,6352.0
2987,2018/09/20,6423.0
2988,2018/09/21,6667.0
2989,2018/09/22,6714.0
2990,2018/09/23,6712.0
2991,2018/09/24,6645.0
2992,2018/09/25,6424.0
2993,2018/09/26,6470.0
2994,2018/09/27,6528.0
2995,2018/09/28,6683.0
2996,2018/09/29,6568.0
2997,2018/09/30,6610.0
2998,2018/10/01,6610.0
2999,2018/10/02,6579.0
3000,2018/10/03,6484.0
3001,2018/10/04,6583.0
3002,2018/10/05,6584.0
3003,2018/10/06,6598.0
3004,2018/10/07,6580.0
3005,2018/10/08,6630.0
3006,2018/10/09,6639.0
3007,2018/10/10,6581.0
3008,2018/10/11,6284.0
3009,2018/10/12,6278.0
3010,2018/10/13,6288.0
3011,2018/10/14,6335.0
3012,2018/10/15,6614.0
3013,2018/10/16,6642.0
3014,2018/10/17,6609.0
3015,2018/10/18,6595.0
3016,2018/10/19,6514.0
3017,2018/10/20,6526.0
3018,2018/10/21,6574.0
3019,2018/10/22,6537.0
3020,2018/10/23,6511.0
3021,2018/10/24,6530.0
3022,2018/10/25,6502.0
3023,2018/10/26,6493.0
3024,2018/10/27,6491.0
3025,2018/10/28,6483.0
3026,2018/10/29,6406.0
3027,2018/10/30,6331.0
3028,2018/10/31,6330.0
3029,2018/11/01,6361.0
3030,2018/11/02,6410.0
3031,2018/11/03,6385.0
3032,2018/11/04,6414.0
3033,2018/11/05,6451.0
3034,2018/11/06,6454.0
3035,2018/11/07,6547.0
3036,2018/11/08,6503.0
3037,2018/11/09,6429.0
3038,2018/11/10,6424.0
3039,2018/11/11,6411.0
3040,2018/11/12,6426.0
3041,2018/11/13,6405.0
3042,2018/11/14,6158.0
3043,2018/11/15,5605.0
3044,2018/11/16,5612.0
3045,2018/11/17,5571.0
3046,2018/11/18,5633.0
3047,2018/11/19,5285.0
3048,2018/11/20,4632.0
3049,2018/11/21,4528.0
3050,2018/11/22,4541.0
3051,2018/11/23,4325.0
3052,2018/11/24,4310.0
3053,2018/11/25,3850.0
3054,2018/11/26,3933.0
3055,2018/11/27,3776.0
3056,2018/11/28,4118.0
3057,2018/11/29,4271.0
3058,2018/11/30,4129.0
3059,2018/12/01,4140.0
3060,2018/12/02,4192.0
3061,2018/12/03,4004.0
3062,2018/12/04,3981.0
3063,2018/12/05,3900.0
3064,2018/12/06,3756.0
3065,2018/12/07,3415.0
3066,2018/12/08,3449.0
3067,2018/12/09,3561.0
3068,2018/12/10,3554.0
3069,2018/12/11,3459.0
3070,2018/12/12,3483.0
3071,2018/12/13,3433.0
3072,2018/12/14,3302.0
3073,2018/12/15,3256.0
3074,2018/12/16,3298.0
3075,2018/12/17,3417.0
3076,2018/12/18,3575.0
3077,2018/12/19,3813.0
3078,2018/12/20,3984.0
3079,2018/12/21,4034.0
3080,2018/12/22,3919.0
3081,2018/12/23,4039.0
3082,2018/12/24,4175.0
3083,2018/12/25,3829.0
3084,2018/12/26,3833.0
3085,2018/12/27,3766.0
3086,2018/12/28,3746.0
3087,2018/12/29,3915.0
3088,2018/12/30,3835.0
3089,2018/12/31,3804.0
3090,2019/01/01,3744.0
3091,2019/01/02,3865.0
3092,2019/01/03,3874.0
3093,2019/01/04,3821.0
3094,2019/01/05,3861.0
3095,2019/01/06,3925.0
3096,2019/01/07,4052.0
3097,2019/01/08,4031.0
3098,2019/01/09,4036.0
3099,2019/01/10,3825.0
3100,2019/01/11,3662.0
3101,2019/01/12,3648.0
3102,2019/01/13,3600.0
3103,2019/01/14,3604.0
3104,2019/01/15,3661.0
3105,2019/01/16,3626.0
3106,2019/01/17,3623.0
3107,2019/01/18,3637.0
3108,2019/01/19,3689.0
3109,2019/01/20,3638.0
3110,2019/01/21,3558.0
3111,2019/01/22,3573.0
3112,2019/01/23,3592.0
3113,2019/01/24,3576.0
3114,2019/01/25,3580.0
3115,2019/01/26,3601.0
3116,2019/01/27,3578.0
3117,2019/01/28,3474.0
3118,2019/01/29,3432.0
3119,2019/01/30,3464.0
3120,2019/01/31,3459.0
3121,2019/02/01,3455.0
3122,2019/02/02,3459.0
3123,2019/02/03,3454.0
3124,2019/02/04,3442.0
3125,2019/02/05,3446.0
3126,2019/02/06,3400.0
3127,2019/02/07,3392.0
3128,2019/02/08,3481.0
3129,2019/02/09,3650.0
3130,2019/02/10,3645.0
3131,2019/02/11,3637.0
3132,2019/02/12,3611.0
3133,2019/02/13,3617.0
3134,2019/02/14,3601.0
3135,2019/02/15,3601.0
3136,2019/02/16,3617.0
3137,2019/02/17,3620.0
3138,2019/02/18,3796.0
3139,2019/02/19,3935.0
3140,2019/02/20,3943.0
3141,2019/02/21,3942.0
3142,2019/02/22,3958.0
3143,2019/02/23,4006.0
3144,2019/02/24,4020.0
3145,2019/02/25,3822.0
3146,2019/02/26,3823.0
3147,2019/02/27,3819.0
3148,2019/02/28,3833.0
3149,2019/03/01,3837.0
3150,2019/03/02,3826.0
3151,2019/03/03,3819.0
3152,2019/03/04,3746.0
3153,2019/03/05,3786.0
3154,2019/03/06,3857.0
3155,2019/03/07,3884.0
3156,2019/03/08,3896.0
3157,2019/03/09,3915.0
3158,2019/03/10,3916.0
3159,2019/03/11,3889.0
3160,2019/03/12,3871.0
3161,2019/03/13,3871.0
3162,2019/03/14,3874.0
3163,2019/03/15,3904.0
3164,2019/03/16,4006.0
3165,2019/03/17,3988.0
3166,2019/03/18,3993.0
3167,2019/03/19,4003.0
3168,2019/03/20,4021.0
3169,2019/03/21,4026.0
3170,2019/03/22,3999.0
3171,2019/03/23,4000.0
3172,2019/03/24,3989.0
3173,2019/03/25,3974.0
3174,2019/03/26,3933.0
3175,2019/03/27,4014.0
3176,2019/03/28,4032.0
3177,2019/03/29,4080.0
3178,2019/03/30,4103.0
3179,2019/03/31,4103.0
3180,2019/04/01,4138.0
3181,2019/04/02,4646.0
3182,2019/04/03,5028.0
3183,2019/04/04,4974.0
3184,2019/04/05,4985.0
3185,2019/04/06,5048.0
3186,2019/04/07,5137.0
3187,2019/04/08,5224.0
3188,2019/04/09,5200.0
3189,2019/04/10,5262.0
3190,2019/04/11,5125.0
3191,2019/04/12,5043.0
3192,2019/04/13,5086.0
3193,2019/04/14,5080.0
3194,2019/04/15,5125.0
3195,2019/04/16,5105.0
3196,2019/04/17,5220.0
3197,2019/04/18,5265.0
3198,2019/04/19,5260.0
3199,2019/04/20,5310.0
3200,2019/04/21,5281.0
3201,2019/04/22,5310.0
3202,2019/04/23,5530.0
3203,2019/04/24,5487.0
3204,2019/04/25,5431.0
3205,2019/04/26,5250.0
3206,2019/04/27,5252.0
3207,2019/04/28,5260.0
3208,2019/04/29,5240.0
3209,2019/04/30,5265.0
3210,2019/05/01,5354.0
3211,2019/05/02,5432.0
3212,2019/05/03,5704.0
3213,2019/05/04,5750.0
3214,2019/05/05,5778.0
3215,2019/05/06,5712.0
3216,2019/05/07,5921.0
3217,2019/05/08,5901.0
3218,2019/05/09,6085.0
3219,2019/05/10,6318.0
3220,2019/05/11,6807.0
3221,2019/05/12,7158.0
3222,2019/05/13,7400.0
3223,2019/05/14,7988.0
3224,2019/05/15,8047.0
3225,2019/05/16,7992.0
3226,2019/05/17,7287.0
3227,2019/05/18,7328.0
3228,2019/05/19,7912.0
3229,2019/05/20,7900.0
3230,2019/05/21,7938.0
3231,2019/05/22,7884.0
3232,2019/05/23,7701.0
3233,2019/05/24,7975.0
3234,2019/05/25,8023.0
3235,2019/05/26,8103.0
3236,2019/05/27,8767.0
3237,2019/05/28,8720.0
3238,2019/05/29,8648.0
3239,2019/05/30,8636.0
3240,2019/05/31,8356.0
3241,2019/06/01,8541.0
3242,2019/06/02,8662.0
3243,2019/06/03,8537.0
3244,2019/06/04,7868.0
3245,2019/06/05,7778.0
3246,2019/06/06,7756.0
3247,2019/06/07,7934.0
3248,2019/06/08,7938.0
3249,2019/06/09,7796.0
3250,2019/06/10,7810.0
3251,2019/06/11,7884.0
3252,2019/06/12,8018.0
3253,2019/06/13,8153.0
3254,2019/06/14,8337.0
3255,2019/06/15,8713.0
3256,2019/06/16,9081.0
3257,2019/06/17,9225.0
3258,2019/06/18,9161.0
3259,2019/06/19,9150.0
3260,2019/06/20,9339.0
3261,2019/06/21,9796.0
3262,2019/06/22,10733.0
3263,2019/06/23,10780.0
3264,2019/06/24,10865.0
3265,2019/06/25,11320.0
3266,2019/06/26,12668.0
3267,2019/06/27,11826.0
3268,2019/06/28,11702.0
3269,2019/06/29,11867.0
3270,2019/06/30,11569.0
3271,2019/07/01,10709.0
3272,2019/07/02,10323.0
3273,2019/07/03,11337.0
3274,2019/07/04,11752.0
3275,2019/07/05,11141.0
3276,2019/07/06,11383.0
3277,2019/07/07,11297.0
3278,2019/07/08,11763.0
3279,2019/07/09,12497.0
3280,2019/07/10,12645.0
3281,2019/07/11,11589.0
3282,2019/07/12,11583.0
3283,2019/07/13,11424.0
3284,2019/07/14,10868.0
3285,2019/07/15,10433.0
3286,2019/07/16,10364.0
3287,2019/07/17,9580.0
3288,2019/07/18,10053.0
3289,2019/07/19,10469.0
3290,2019/07/20,10672.0
3291,2019/07/21,10579.0
3292,2019/07/22,10458.0
3293,2019/07/23,10082.0
3294,2019/07/24,9714.0
3295,2019/07/25,10028.0
3296,2019/07/26,9782.0
3297,2019/07/27,9734.0
3298,2019/07/28,9499.0
3299,2019/07/29,9556.0
3300,2019/07/30,9547.0
3301,2019/07/31,9850.0
3302,2019/08/01,10083.0
3303,2019/08/02,10482.0
3304,2019/08/03,10790.0
3305,2019/08/04,10814.0
3306,2019/08/05,11680.0
3307,2019/08/06,11772.0
3308,2019/08/07,11726.0
3309,2019/08/08,11811.0
3310,2019/08/09,11837.0
3311,2019/08/10,11602.0
3312,2019/08/11,11403.0
3313,2019/08/12,11404.0
3314,2019/08/13,11161.0
3315,2019/08/14,10494.0
3316,2019/08/15,10035.0
3317,2019/08/16,10245.0
3318,2019/08/17,10309.0
3319,2019/08/18,10295.0
3320,2019/08/19,10614.0
3321,2019/08/20,10758.0
3322,2019/08/21,10219.0
3323,2019/08/22,10058.0
3324,2019/08/23,10266.0
3325,2019/08/24,10156.0
3326,2019/08/25,10104.0
3327,2019/08/26,10349.0
3328,2019/08/27,10191.0
3329,2019/08/28,10085.0
3330,2019/08/29,9533.0
3331,2019/08/30,9556.0
3332,2019/08/31,9608.0
3333,2019/09/01,9636.0
3334,2019/09/02,9934.0
3335,2019/09/03,10517.0
3336,2019/09/04,10566.0
3337,2019/09/05,10575.0
3338,2019/09/06,10655.0
3339,2019/09/07,10426.0
3340,2019/09/08,10467.0
3341,2019/09/09,10319.0
3342,2019/09/10,10243.0
3343,2019/09/11,10082.0
3344,2019/09/12,10237.0
3345,2019/09/13,10328.0
3346,2019/09/14,10351.0
3347,2019/09/15,10334.0
3348,2019/09/16,10287.0
3349,2019/09/17,10237.0
3350,2019/09/18,10211.0
3351,2019/09/19,10007.0
3352,2019/09/20,10192.0
3353,2019/09/21,10058.0
3354,2019/09/22,10005.0
3355,2019/09/23,9909.0
3356,2019/09/24,9469.0
3357,2019/09/25,8465.0
3358,2019/09/26,8260.0
3359,2019/09/27,8054.0
3360,2019/09/28,8171.0
3361,2019/09/29,8092.0
3362,2019/09/30,8081.0
3363,2019/10/01,8365.0
3364,2019/10/02,8265.0
3365,2019/10/03,8255.0
3366,2019/10/04,8173.0
3367,2019/10/05,8129.0
3368,2019/10/06,8016.0
3369,2019/10/07,8068.0
3370,2019/10/08,8214.0
3371,2019/10/09,8339.0
3372,2019/10/10,8556.0
3373,2019/10/11,8404.0
3374,2019/10/12,8340.0
3375,2019/10/13,8364.0
3376,2019/10/14,8319.0
3377,2019/10/15,8274.0
3378,2019/10/16,8081.0
3379,2019/10/17,8057.0
3380,2019/10/18,7980.0
3381,2019/10/19,7979.0
3382,2019/10/20,8030.0
3383,2019/10/21,8235.0
3384,2019/10/22,8209.0
3385,2019/10/23,7748.0
3386,2019/10/24,7456.0
3387,2019/10/25,7873.0
3388,2019/10/26,9321.0
3389,2019/10/27,9407.0
3390,2019/10/28,9466.0
3391,2019/10/29,9388.0
3392,2019/10/30,9218.0
3393,2019/10/31,9196.0
3394,2019/11/01,9176.0
3395,2019/11/02,9292.0
3396,2019/11/03,9245.0
3397,2019/11/04,9285.0
3398,2019/11/05,9357.0
3399,2019/11/06,9362.0
3400,2019/11/07,9274.0
3401,2019/11/08,9015.0
3402,2019/11/09,8833.0
3403,2019/11/10,8922.0
3404,2019/11/11,8830.0
3405,2019/11/12,8776.0
3406,2019/11/13,8797.0
3407,2019/11/14,8728.0
3408,2019/11/15,8601.0
3409,2019/11/16,8524.0
3410,2019/11/17,8584.0
3411,2019/11/18,8460.0
3412,2019/11/19,8204.0
3413,2019/11/20,8176.0
3414,2019/11/21,7924.0
3415,2019/11/22,7367.0
3416,2019/11/23,7255.0
3417,2019/11/24,7209.0
3418,2019/11/25,6978.0
3419,2019/11/26,7165.0
3420,2019/11/27,7269.0
3421,2019/11/28,7555.0
3422,2019/11/29,7595.0
3423,2019/11/30,7673.0
3424,2019/12/01,7360.0
3425,2019/12/02,7315.0
3426,2019/12/03,7319.0
3427,2019/12/04,7314.0
3428,2019/12/05,7351.0
3429,2019/12/06,7436.0
3430,2019/12/07,7556.0
3431,2019/12/08,7549.0
3432,2019/12/09,7492.0
3433,2019/12/10,7340.0
3434,2019/12/11,7266.0
3435,2019/12/12,7217.0
3436,2019/12/13,7258.0
3437,2019/12/14,7204.0
3438,2019/12/15,7128.0
3439,2019/12/16,7085.0
3440,2019/12/17,6854.0
3441,2019/12/18,6799.0
3442,2019/12/19,7178.0
3443,2019/12/20,7211.0
3444,2019/12/21,7208.0
3445,2019/12/22,7276.0
3446,2019/12/23,7529.0
3447,2019/12/24,7362.0
3448,2019/12/25,7283.0
3449,2019/12/26,7278.0
3450,2019/12/27,7263.0
3451,2019/12/28,7361.0
3452,2019/12/29,7469.0
3453,2019/12/30,7388.0
3454,2019/12/31,7293.0
3455,2020/01/01,7238.0
3456,2020/01/02,7127.0
3457,2020/01/03,7250.0
3458,2020/01/04,7390.0
3459,2020/01/05,7503.0
3460,2020/01/06,7588.0
3461,2020/01/07,7953.0
3462,2020/01/08,8273.0
3463,2020/01/09,7943.0
3464,2020/01/10,7933.0
3465,2020/01/11,8120.0
3466,2020/01/12,8146.0
3467,2020/01/13,8151.0
3468,2020/01/14,8605.0
3469,2020/01/15,8778.0
3470,2020/01/16,8693.0
3471,2020/01/17,8869.0
3472,2020/01/18,8907.0
3473,2020/01/19,8859.0
3474,2020/01/20,8670.0
3475,2020/01/21,8672.0
3476,2020/01/22,8693.0
3477,2020/01/23,8469.0
3478,2020/01/24,8410.0
3479,2020/01/25,8349.0
3480,2020/01/26,8466.0
3481,2020/01/27,8744.0
3482,2020/01/28,9049.0
3483,2020/01/29,9349.0
3484,2020/01/30,9394.0
3485,2020/01/31,9366.0
3486,2020/02/01,9393.0
3487,2020/02/02,9398.0
3488,2020/02/03,9356.0
3489,2020/02/04,9233.0
3490,2020/02/05,9421.0
3491,2020/02/06,9706.0
3492,2020/02/07,9798.0
3493,2020/02/08,9823.0
3494,2020/02/09,10083.0
3495,2020/02/10,9932.0
3496,2020/02/11,9968.0
3497,2020/02/12,10331.0
3498,2020/02/13,10289.0
3499,2020/02/14,10272.0
3500,2020/02/15,10152.0
3501,2020/02/16,9916.0
3502,2020/02/17,9723.0
3503,2020/02/18,9840.0
3504,2020/02/19,10091.0
3505,2020/02/20,9612.0
3506,2020/02/21,9688.0
3507,2020/02/22,9666.0
3508,2020/02/23,9850.0
3509,2020/02/24,9755.0
3510,2020/02/25,9520.0
3511,2020/02/26,9065.0
3512,2020/02/27,8803.0
3513,2020/02/28,8706.0
3514,2020/02/29,8690.0
3515,2020/03/01,8572.0
3516,2020/03/02,8754.0
3517,2020/03/03,8791.0
3518,2020/03/04,8767.0
3519,2020/03/05,9024.0
3520,2020/03/06,9099.0
3521,2020/03/07,9050.0
3522,2020/03/08,8589.0
3523,2020/03/09,7886.0
3524,2020/03/10,7957.0
3525,2020/03/11,7856.0
3526,2020/03/12,6696.0
3527,2020/03/13,5278.0
3528,2020/03/14,5401.0
3529,2020/03/15,5316.0
3530,2020/03/16,5005.0
3531,2020/03/17,5179.0
3532,2020/03/18,5182.0
3533,2020/03/19,5668.0
3534,2020/03/20,6288.0
3535,2020/03/21,6167.0
3536,2020/03/22,6134.0
3537,2020/03/23,6097.0
3538,2020/03/24,6629.0
3539,2020/03/25,6658.0
3540,2020/03/26,6666.0
3541,2020/03/27,6685.0
3542,2020/03/28,6228.0
3543,2020/03/29,6124.0
3544,2020/03/30,6266.0
3545,2020/03/31,6451.0
3546,2020/04/01,6314.0
3547,2020/04/02,6722.0
3548,2020/04/03,6822.0
3549,2020/04/04,6773.0
3550,2020/04/05,6799.0
3551,2020/04/06,7082.0
3552,2020/04/07,7310.0
3553,2020/04/08,7280.0
3554,2020/04/09,7286.0
3555,2020/04/10,6980.0
3556,2020/04/11,6846.0
3557,2020/04/12,6946.0
3558,2020/04/13,6745.0
3559,2020/04/14,6874.0
3560,2020/04/15,6793.0
3561,2020/04/16,6893.0
3562,2020/04/17,7074.0
3563,2020/04/18,7129.0
3564,2020/04/19,7157.0
3565,2020/04/20,7047.0
3566,2020/04/21,6863.0
3567,2020/04/22,6986.0
3568,2020/04/23,7272.0
3569,2020/04/24,7519.0
3570,2020/04/25,7541.0
3571,2020/04/26,7583.0
3572,2020/04/27,7705.0
3573,2020/04/28,7726.0
3574,2020/04/29,8198.0
3575,2020/04/30,8883.0
3576,2020/05/01,8777.0
3577,2020/05/02,8854.0
3578,2020/05/03,8973.0
3579,2020/05/04,8780.0
3580,2020/05/05,8904.0
3581,2020/05/06,9109.0
3582,2020/05/07,9445.0
3583,2020/05/08,9917.0
3584,2020/05/09,9724.0
3585,2020/05/10,8697.0
3586,2020/05/11,8704.0
3587,2020/05/12,8775.0
3588,2020/05/13,9039.0
3589,2020/05/14,9523.0
3590,2020/05/15,9519.0
3591,2020/05/16,9407.0
3592,2020/05/17,9623.0
3593,2020/05/18,9728.0
3594,2020/05/19,9680.0
3595,2020/05/20,9677.0
3596,2020/05/21,9302.0
3597,2020/05/22,9137.0
3598,2020/05/23,9216.0
3599,2020/05/24,9139.0
3600,2020/05/25,8829.0
3601,2020/05/26,8872.0
3602,2020/05/27,9033.0
3603,2020/05/28,9320.0
3604,2020/05/29,9463.0
3605,2020/05/30,9510.0
3606,2020/05/31,9558.0
3607,2020/06/01,9581.0
3608,2020/06/02,9894.0
3609,2020/06/03,9561.0
3610,2020/06/04,9710.0
3611,2020/06/05,9760.0
3612,2020/06/06,9656.0
3613,2020/06/07,9644.0
3614,2020/06/08,9733.0
3615,2020/06/09,9719.0
3616,2020/06/10,9793.0
3617,2020/06/11,9659.0
3618,2020/06/12,9427.0
3619,2020/06/13,9444.0
3620,2020/06/14,9425.0
3621,2020/06/15,9261.0
3622,2020/06/16,9500.0
3623,2020/06/17,9462.0
3624,2020/06/18,9429.0
3625,2020/06/19,9356.0
3626,2020/06/20,9330.0
3627,2020/06/21,9371.0
3628,2020/06/22,9490.0
3629,2020/06/23,9649.0
3630,2020/06/24,9468.0
3631,2020/06/25,9261.0
3632,2020/06/26,9219.0
3633,2020/06/27,9143.0
3634,2020/06/28,9087.0
3635,2020/06/29,9150.0
3636,2020/06/30,9182.0
3637,2020/07/01,9224.0
3638,2020/07/02,9203.0
3639,2020/07/03,9125.0
3640,2020/07/04,9137.0
3641,2020/07/05,9110.0
3642,2020/07/06,9244.0
3643,2020/07/07,9300.0
3644,2020/07/08,9374.0
3645,2020/07/09,9362.0
3646,2020/07/10,9236.0
3647,2020/07/11,9279.0
3648,2020/07/12,9292.0
3649,2020/07/13,9316.0
3650,2020/07/14,9252.0
3651,2020/07/15,9258.0
3652,2020/07/16,9169.0
3653,2020/07/17,9169.0
3654,2020/07/18,9201.0
3655,2020/07/19,9198.0
3656,2020/07/20,9220.0
3657,2020/07/21,9342.0
3658,2020/07/22,9397.0
3659,2020/07/23,9561.0
3660,2020/07/24,9565.0
3661,2020/07/25,9627.0
3662,2020/07/26,9836.0
3663,2020/07/27,10423.0
3664,2020/07/28,10988.0
3665,2020/07/29,11098.0
3666,2020/07/30,11039.0
3667,2020/07/31,11199.0
3668,2020/08/01,11595.0
3669,2020/08/02,11342.0
3670,2020/08/03,11258.0
3671,2020/08/04,11252.0
3672,2020/08/05,11461.0
3673,2020/08/06,11757.0
3674,2020/08/07,11719.0
3675,2020/08/08,11683.0
3676,2020/08/09,11675.0
3677,2020/08/10,11895.0
3678,2020/08/11,11640.0
3679,2020/08/12,11466.0
3680,2020/08/13,11553.0
3681,2020/08/14,11755.0
3682,2020/08/15,11879.0
3683,2020/08/16,11854.0
3684,2020/08/17,12053.0
3685,2020/08/18,12170.0
3686,2020/08/19,11803.0
3687,2020/08/20,11801.0
3688,2020/08/21,11753.0
3689,2020/08/22,11563.0
3690,2020/08/23,11628.0
3691,2020/08/24,11740.0
3692,2020/08/25,11521.0
3693,2020/08/26,11410.0
3694,2020/08/27,11355.0
3695,2020/08/28,11445.0
3696,2020/08/29,11513.0
3697,2020/08/30,11614.0
3698,2020/08/31,11689.0
3699,2020/09/01,11872.0
3700,2020/09/02,11587.0
3701,2020/09/03,11059.0
3702,2020/09/04,10393.0
3703,2020/09/05,10279.0
3704,2020/09/06,10205.0
3705,2020/09/07,10164.0
3706,2020/09/08,10156.0
3707,2020/09/09,10189.0
3708,2020/09/10,10344.0
3709,2020/09/11,10309.0
3710,2020/09/12,10379.0
3711,2020/09/13,10404.0
3712,2020/09/14,10512.0
3713,2020/09/15,10778.0
3714,2020/09/16,10900.0
3715,2020/09/17,10899.0
3716,2020/09/18,10931.0
3717,2020/09/19,11019.0
3718,2020/09/20,10928.0
3719,2020/09/21,10692.0
3720,2020/09/22,10475.0
3721,2020/09/23,10445.0
3722,2020/09/24,10447.0
3723,2020/09/25,10679.0
3724,2020/09/26,10724.0
3725,2020/09/27,10725.0
3726,2020/09/28,10887.0
3727,2020/09/29,10736.0
3728,2020/09/30,10751.0
3729,2020/10/01,10766.0
3730,2020/10/02,10535.0
3731,2020/10/03,10556.0
3732,2020/10/04,10611.0
3733,2020/10/05,10710.0
3734,2020/10/06,10719.0
3735,2020/10/07,10625.0
3736,2020/10/08,10737.0
3737,2020/10/09,10986.0
3738,2020/10/10,11335.0
3739,2020/10/11,11364.0
3740,2020/10/12,11448.0
3741,2020/10/13,11455.0
3742,2020/10/14,11409.0
3743,2020/10/15,11417.0
3744,2020/10/16,11370.0
3745,2020/10/17,11348.0
3746,2020/10/18,11433.0
3747,2020/10/19,11582.0
3748,2020/10/20,11847.0
3749,2020/10/21,12446.0
3750,2020/10/22,12929.0
3751,2020/10/23,12936.0
3752,2020/10/24,13026.0
3753,2020/10/25,13058.0
3754,2020/10/26,13072.0
3755,2020/10/27,13360.0
3756,2020/10/28,13454.0
3757,2020/10/29,13319.0
3758,2020/10/30,13435.0
3759,2020/10/31,13738.0
3760,2020/11/01,13771.0
3761,2020/11/02,13600.0
3762,2020/11/03,13611.0
3763,2020/11/04,13898.0
3764,2020/11/05,14706.0
3765,2020/11/06,15578.0
3766,2020/11/07,15354.0
3767,2020/11/08,15193.0
3768,2020/11/09,15382.0
3769,2020/11/10,15323.0
3770,2020/11/11,15585.0
3771,2020/11/12,15919.0
3772,2020/11/13,16289.0
3773,2020/11/14,16045.0
3774,2020/11/15,16000.0
3775,2020/11/16,16364.0
3776,2020/11/17,17072.0
3777,2020/11/18,17879.0
3778,2020/11/19,17839.0
3779,2020/11/20,18323.0
3780,2020/11/21,18706.0
3781,2020/11/22,18429.0
3782,2020/11/23,18442.0
3783,2020/11/24,18848.0
3784,2020/11/25,19064.0
3785,2020/11/26,17408.0
3786,2020/11/27,16995.0
3787,2020/11/28,17316.0
3788,2020/11/29,17994.0
3789,2020/11/30,18902.0
3790,2020/12/01,19276.0
3791,2020/12/02,18951.0
3792,2020/12/03,19280.0
3793,2020/12/04,19133.0
3794,2020/12/05,19000.0
3795,2020/12/06,19151.0
3796,2020/12/07,19207.0
3797,2020/12/08,18955.0
3798,2020/12/09,18273.0
3799,2020/12/10,18314.0
3800,2020/12/11,17948.0
3801,2020/12/12,18472.0
3802,2020/12/13,19117.0
3803,2020/12/14,19167.0
3804,2020/12/15,19353.0
3805,2020/12/16,20057.0
3806,2020/12/17,22598.0
3807,2020/12/18,22874.0
3808,2020/12/19,23341.0
3809,2020/12/20,23594.0
3810,2020/12/21,23257.0
3811,2020/12/22,23084.0
3812,2020/12/23,23562.0
3813,2020/12/24,23307.0
3814,2020/12/25,24013.0
3815,2020/12/26,25252.0
3816,2020/12/27,27061.0
3817,2020/12/28,26978.0
3818,2020/12/29,26678.0
3819,2020/12/30,28128.0
3820,2020/12/31,28876.0
3821,2021/01/01,29260.0
3822,2021/01/02,30703.0
3823,2021/01/03,33457.0
3824,2021/01/04,31858.0
3825,2021/01/05,32246.0
3826,2021/01/06,34854.0
3827,2021/01/07,38029.0
3828,2021/01/08,39789.0
3829,2021/01/09,40392.0
3830,2021/01/10,39729.0
3831,2021/01/11,34315.0
3832,2021/01/12,34860.0
3833,2021/01/13,34653.0
3834,2021/01/14,38495.0
3835,2021/01/15,37496.0
3836,2021/01/16,36863.0
3837,2021/01/17,35675.0
3838,2021/01/18,36046.0
3839,2021/01/19,36868.0
3840,2021/01/20,35175.0
3841,2021/01/21,32969.0
3842,2021/01/22,31849.0
3843,2021/01/23,32346.0
3844,2021/01/24,32240.0
3845,2021/01/25,33356.0
3846,2021/01/26,32051.0
3847,2021/01/27,31173.0
3848,2021/01/28,31756.0
3849,2021/01/29,35032.0
3850,2021/01/30,34058.0
3851,2021/01/31,33452.0
3852,2021/02/01,33701.0
3853,2021/02/02,34689.0
3854,2021/02/03,36550.0
3855,2021/02/04,37530.0
3856,2021/02/05,37607.0
3857,2021/02/06,39803.0
3858,2021/02/07,38705.0
3859,2021/02/08,40920.0
3860,2021/02/09,46682.0
3861,2021/02/10,45766.0
3862,2021/02/11,46240.0
3863,2021/02/12,47590.0
3864,2021/02/13,47268.0
3865,2021/02/14,48570.0
3866,2021/02/15,47853.0
3867,2021/02/16,48845.0
3868,2021/02/17,50897.0
3869,2021/02/18,51901.0
3870,2021/02/19,53058.0
3871,2021/02/20,56272.0
3872,2021/02/21,57022.0
3873,2021/02/22,54729.0
3874,2021/02/23,48981.0
3875,2021/02/24,49790.0
3876,2021/02/25,49992.0
3877,2021/02/26,46648.0
3878,2021/02/27,47126.0
3879,2021/02/28,44822.0
3880,2021/03/01,47582.0
3881,2021/03/02,48631.0
3882,2021/03/03,50406.0
3883,2021/03/04,49417.0
3884,2021/03/05,47709.0
3885,2021/03/06,48591.0
3886,2021/03/07,50194.0
3887,2021/03/08,50778.0
3888,2021/03/09,53969.0
3889,2021/03/10,55356.0
3890,2021/03/11,56264.0
3891,2021/03/12,56840.0
3892,2021/03/13,58772.0
3893,2021/03/14,60475.0
3894,2021/03/15,57111.0
3895,2021/03/16,55340.0
3896,2021/03/17,56137.0
3897,2021/03/18,58477.0
3898,2021/03/19,58278.0
3899,2021/03/20,58776.0
3900,2021/03/21,57303.0
3901,2021/03/22,56801.0
3902,2021/03/23,54699.0
3903,2021/03/24,55143.0
3904,2021/03/25,52127.0
3905,2021/03/26,53208.0
3906,2021/03/27,55175.0
3907,2021/03/28,55835.0
3908,2021/03/29,56910.0
3909,2021/03/30,58349.0
3910,2021/03/31,58700.0
3911,2021/04/01,58868.0
3912,2021/04/02,59266.0
3913,2021/04/03,58933.0
3914,2021/04/04,57705.0
3915,2021/04/05,58085.0
3916,2021/04/06,58460.0
3917,2021/04/07,56977.0
3918,2021/04/08,57176.0
3919,2021/04/09,58209.0
3920,2021/04/10,59866.0
3921,2021/04/11,59794.0
3922,2021/04/12,60108.0
3923,2021/04/13,62149.0
3924,2021/04/14,63438.0
3925,2021/04/15,62899.0
3926,2021/04/16,61731.0
3927,2021/04/17,61305.0
3928,2021/04/18,56083.0
3929,2021/04/19,56387.0
3930,2021/04/20,55518.0
3931,2021/04/21,55452.0
3932,2021/04/22,53812.0
3933,2021/04/23,49891.0
3934,2021/04/24,50077.0
3935,2021/04/25,49657.0
3936,2021/04/26,53000.0
3937,2021/04/27,54583.0
3938,2021/04/28,54785.0
3939,2021/04/29,53891.0
3940,2021/04/30,55260.0
3941,2021/05/01,57787.0
3942,2021/05/02,56860.0
3943,2021/05/03,57912.0
3944,2021/05/04,55308.0
3945,2021/05/05,55872.0
3946,2021/05/06,56974.0
3947,2021/05/07,56818.0
3948,2021/05/08,58527.0
3949,2021/05/09,57981.0
3950,2021/05/10,57763.0
3951,2021/05/11,55852.0
3952,2021/05/12,55961.0
3953,2021/05/13,49849.0
3954,2021/05/14,50185.0
3955,2021/05/15,48875.0
3956,2021/05/16,47738.0
3957,2021/05/17,44336.0
3958,2021/05/18,44192.0
3959,2021/05/19,39146.0
3960,2021/05/20,39826.0
3961,2021/05/21,39137.0
3962,2021/05/22,37516.0
3963,2021/05/23,35087.0
3964,2021/05/24,37011.0
3965,2021/05/25,38084.0
3966,2021/05/26,39251.0
3967,2021/05/27,38812.0
3968,2021/05/28,36624.0
3969,2021/05/29,35265.0
3970,2021/05/30,35480.0
3971,2021/05/31,36154.0
3972,2021/06/01,36599.0
3973,2021/06/02,37295.0
3974,2021/06/03,38539.0
3975,2021/06/04,37117.0
3976,2021/06/05,36607.0
3977,2021/06/06,35953.0
3978,2021/06/07,35888.0
3979,2021/06/08,32877.0
3980,2021/06/09,34833.0
3981,2021/06/10,36990.0
3982,2021/06/11,36990.0
3983,2021/06/12,35728.0
3984,2021/06/13,36366.0
3985,2021/06/14,39660.0
3986,2021/06/15,40204.0
3987,2021/06/16,39423.0
3988,2021/06/17,38607.0
3989,2021/06/18,37005.0
3990,2021/06/19,35757.0
3991,2021/06/20,35080.0
3992,2021/06/21,33176.0
3993,2021/06/22,32011.0
3994,2021/06/23,33745.0
3995,2021/06/24,33747.0
3996,2021/06/25,33376.0
3997,2021/06/26,31488.0
3998,2021/06/27,33067.0
3999,2021/06/28,34472.0
4000,2021/06/29,35544.0
4001,2021/06/30,34930.0
4002,2021/07/01,33731.0
4003,2021/07/02,33285.0
4004,2021/07/03,34298.0
4005,2021/07/04,35271.0
4006,2021/07/05,34100.0
4007,2021/07/06,34153.0
4008,2021/07/07,34557.0
4009,2021/07/08,32896.0
4010,2021/07/09,33163.0
4011,2021/07/10,33705.0
4012,2021/07/11,33795.0
4013,2021/07/12,33701.0
4014,2021/07/13,32855.0
4015,2021/07/14,32489.0
4016,2021/07/15,32109.0
4017,2021/07/16,31750.0
4018,2021/07/17,31556.0
4019,2021/07/18,31763.0
4020,2021/07/19,31188.0
4021,2021/07/20,29837.0
4022,2021/07/21,31172.0
4023,2021/07/22,32128.0
4024,2021/07/23,32475.0
4025,2021/07/24,33847.0
4026,2021/07/25,34348.0
4027,2021/07/26,38286.0
4028,2021/07/27,37661.0
4029,2021/07/28,39851.0
4030,2021/07/29,39851.0
4031,2021/07/30,39610.0
4032,2021/07/31,41622.0
4033,2021/08/01,41514.0
4034,2021/08/02,39591.0
4035,2021/08/03,38471.0
4036,2021/08/04,38711.0
4037,2021/08/05,39416.0
4038,2021/08/06,41331.0
4039,2021/08/07,43524.0
4040,2021/08/08,44325.0
4041,2021/08/09,44866.0
4042,2021/08/10,45589.0
4043,2021/08/11,46075.0
4044,2021/08/12,44927.0
4045,2021/08/13,46133.0
4046,2021/08/14,47095.0
4047,2021/08/15,46413.0
4048,2021/08/16,46913.0
4049,2021/08/17,45963.0
4050,2021/08/18,45125.0
4051,2021/08/19,45200.0
4052,2021/08/20,47750.0
4053,2021/08/21,49017.0
4054,2021/08/22,48868.0
4055,2021/08/23,49864.0
4056,2021/08/24,48904.0
4057,2021/08/25,48247.0
4058,2021/08/26,47348.0
4059,2021/08/27,47710.0
4060,2021/08/28,48876.0
4061,2021/08/29,48633.0
4062,2021/08/30,48075.0
4063,2021/08/31,47296.0
4064,2021/09/01,47671.0
4065,2021/09/02,49644.0
4066,2021/09/03,49885.0
4067,2021/09/04,50052.0
4068,2021/09/05,50328.0
4069,2021/09/06,51762.0
4070,2021/09/07,49996.0
4071,2021/09/08,46294.0
4072,2021/09/09,46406.0
4073,2021/09/10,45928.0
4074,2021/09/11,45367.0
4075,2021/09/12,45624.0
4076,2021/09/13,44807.0
4077,2021/09/14,46027.0
4078,2021/09/15,47555.0
4079,2021/09/16,47895.0
4080,2021/09/17,47571.0
4081,2021/09/18,48211.0
4082,2021/09/19,47731.0
4083,2021/09/20,44664.0
4084,2021/09/21,42474.0
4085,2021/09/22,42525.0
4086,2021/09/23,44068.0
4087,2021/09/24,43142.0
4088,2021/09/25,42569.0
4089,2021/09/26,42793.0
4090,2021/09/27,43533.0
4091,2021/09/28,41958.0
4092,2021/09/29,41870.0
4093,2021/09/30,43259.0
4094,2021/10/01,45991.0
4095,2021/10/02,47827.0
4096,2021/10/03,48014.0
4097,2021/10/04,48102.0
4098,2021/10/05,49987.0
4099,2021/10/06,52731.0
4100,2021/10/07,54374.0
4101,2021/10/08,54422.0
4102,2021/10/09,54742.0
4103,2021/10/10,55138.0
24,2021/10/11,56648.0
25,2021/10/12,56645.0
26,2021/10/13,56000.0
27,2021/10/14,57661.0
28,2021/10/15,59735.0
29,2021/10/16,61309.0
30,2021/10/17,60859.0
31,2021/10/18,61801.0
32,2021/10/19,62672.0
33,2021/10/20,64842.0
34,2021/10/21,64384.0
35,2021/10/22,62236.0
36,2021/10/23,61072.0
37,2021/10/24,60729.0
38,2021/10/25,62611.0
39,2021/10/26,62362.0
40,2021/10/27,59558.0
41,2021/10/28,60198.0
42,2021/10/29,61532.0
43,2021/10/30,61625.0
44,2021/10/31,61102.0
45,2021/11/01,61287.0
46,2021/11/02,62481.0
47,2021/11/03,62829.0
48,2021/11/04,61830.0
49,2021/11/05,61493.0
50,2021/11/06,60938.0
51,2021/11/07,62105.0
52,2021/11/08,65725.0
53,2021/11/09,67547.0
54,2021/11/10,66810.0
55,2021/11/11,64900.0
56,2021/11/12,64162.0
57,2021/11/13,64030.0
58,2021/11/14,64468.0
59,2021/11/15,65132.0
60,2021/11/16,60894.0
61,2021/11/17,59850.0
62,2021/11/18,59049.0
63,2021/11/19,57169.0
64,2021/11/20,58631.0
65,2021/11/21,59111.0
66,2021/11/22,57360.0
67,2021/11/23,56882.0
68,2021/11/24,56748.0
69,2021/11/25,58177.0
70,2021/11/26,55921.0
71,2021/11/27,54662.0
72,2021/11/28,54581.0
73,2021/11/29,57563.0
74,2021/11/30,57338.0
75,2021/12/01,57373.0
76,2021/12/02,56692.0
77,2021/12/03,55868.0
78,2021/12/04,49075.0
79,2021/12/05,49085.0
80,2021/12/06,48807.0
81,2021/12/07,50984.0
82,2021/12/08,50293.0
83,2021/12/09,49089.0
84,2021/12/10,48247.0
85,2021/12/11,48444.0
86,2021/12/12,49536.0
87,2021/12/13,48237.0
88,2021/12/14,47180.0
89,2021/12/15,48126.0
90,2021/12/16,48590.0
91,2021/12/17,47079.0
92,2021/12/18,46612.0
93,2021/12/19,47192.0
94,2021/12/20,46424.0
95,2021/12/21,48396.0
96,2021/12/22,48978.0
97,2021/12/23,49064.0
98,2021/12/24,51034.0
99,2021/12/25,50830.0
100,2021/12/26,50143.0
101,2021/12/27,51062.0
102,2021/12/28,48887.0
103,2021/12/29,47594.0
104,2021/12/30,47092.0
105,2021/12/31,47298.0
106,2022/01/01,47103.0
107,2022/01/02,47238.0
108,2022/01/03,46829.0
109,2022/01/04,46438.0
110,2022/01/05,45916.0
111,2022/01/06,43100.0
112,2022/01/07,42023.0
113,2022/01/08,41706.0
114,2022/01/09,41902.0
115,2022/01/10,41605.0
116,2022/01/11,42189.0
117,2022/01/12,43175.0
118,2022/01/13,43433.0
119,2022/01/14,42745.0
120,2022/01/15,43128.0
121,2022/01/16,43093.0
122,2022/01/17,42545.0
123,2022/01/18,41930.0
124,2022/01/19,41916.0
125,2022/01/20,42215.0
126,2022/01/21,38697.0
127,2022/01/22,35519.0
128,2022/01/23,35411.0
129,2022/01/24,35098.0
130,2022/01/25,36508.0
131,2022/01/26,37493.0
132,2022/01/27,36352.0
133,2022/01/28,37038.0
134,2022/01/29,37817.0
135,2022/01/30,37953.0
136,2022/01/31,37556.0
137,2022/02/01,38555.0
138,2022/02/02,38061.0
139,2022/02/03,36802.0
140,2022/02/04,38631.0
141,2022/02/05,41523.0
142,2022/02/06,41593.0
143,2022/02/07,43092.0
144,2022/02/08,43854.0
145,2022/02/09,43922.0
146,2022/02/10,44331.0
147,2022/02/11,43185.0
148,2022/02/12,42333.0
149,2022/02/13,42336.0
150,2022/02/14,42232.0
151,2022/02/15,43867.0
152,2022/02/16,43998.0
153,2022/02/17,42666.0
154,2022/02/18,40411.0
155,2022/02/19,40065.0
156,2022/02/20,38767.0
157,2022/02/21,38507.0
158,2022/02/22,37400.0
159,2022/02/23,38221.0
160,2022/02/24,36117.0
161,2022/02/25,38813.0
162,2022/02/26,39217.0
163,2022/02/27,38714.0
164,2022/02/28,39337.0
165,2022/03/01,43632.0
166,2022/03/02,44055.0
167,2022/03/03,43130.0
168,2022/03/04,40909.0
169,2022/03/05,39056.0
170,2022/03/06,38897.0
171,2022/03/07,38233.0
172,2022/03/08,38584.0
173,2022/03/09,41317.0
174,2022/03/10,39547.0
175,2022/03/11,38901.0
176,2022/03/12,38996.0
177,2022/03/13,38776.0
178,2022/03/14,38654.0
179,2022/03/15,38933.0
180,2022/03/16,40098.0
181,2022/03/17,40722.0
182,2022/03/18,40678.0
183,2022/03/19,41493.0
184,2022/03/20,41413.0
185,2022/03/21,41100.0
186,2022/03/22,42431.0
187,2022/03/23,42247.0
188,2022/03/24,43324.0
189,2022/03/25,44274.0
190,2022/03/26,44390.0
191,2022/03/27,44930.0
192,2022/03/28,47302.0
193,2022/03/29,47546.0
194,2022/03/30,47240.0
195,2022/03/31,46673.0
196,2022/04/01,45524.0
197,2022/04/02,46450.0
198,2022/04/03,46321.0
199,2022/04/04,46041.0
200,2022/04/05,46345.0
201,2022/04/06,44634.0
202,2022/04/07,43453.0
203,2022/04/08,43305.0
204,2022/04/09,42453.0
205,2022/04/10,42755.0
206,2022/04/11,41238.0
207,2022/04/12,39931.0
208,2022/04/13,40459.0
209,2022/04/14,40705.0
210,2022/04/15,40226.0
211,2022/04/16,40399.0
212,2022/04/17,40318.0
213,2022/04/18,39660.0
